code,ISIN
1301,JP3257200000
1305,JP3027620008
1306,JP3027630007
1308,JP3039100007
1309,JP3046510008
130A,JP3155340007
1311,JP3040140000
1319,JP3013190008
131A,JP3346940004
1320,JP3027640006
1321,JP3027650005
1322,JP3046760009
1324,JP3046790006
1325,JP3046800003
1328,JP3046490003
1329,JP3027710007
132A,JP3100670003
1330,JP3027660004
1332,JP3718800000
1333,JP3876600002
133A,JP3050310006
1343,JP3047010008
1345,JP3047030006
1346,JP3047040005
1348,JP3047060003
1349,SG9999002026
134A,JP3122660008
1356,JP3047770007
1357,JP3047780006
1358,JP3047790005
135A,JP3159870009
1360,JP3047810001
1364,JP3047840008
1365,JP3047850007
1366,JP3047860006
1367,JP3047870005
1368,JP3047880004
1369,JP3047890003
1375,JP3947010009
1376,JP3216200000
1377,JP3315000004
1379,JP3843250006
137A,JP3297390001
1380,JP3107400008
1381,JP3108030002
1382,JP3837630007
1383,JP3835730007
1384,JP3845670003
138A,JP3783410008
1397,JP3047920008
1398,JP3047930007
1399,JP3048170009
139A,JP3783510005
1401,JP3167660004
1407,JP3154750008
140A,JP3050320005
1414,JP3360250009
1417,JP3910620008
1418,JP3152860007
1419,JP3470900006
141A,JP3635490000
1420,JP3337550002
1429,JP3686140009
142A,JP3394950004
1430,JP3802210009
1431,JP3162680007
1432,JP3397900006
1433,JP3835550009
1434,JP3386570000
1435,JP3153950005
1436,JP3802980007
1438,JP3264850003
143A,JP3136970005
1443,JP3264300009
1444,JP3679840003
1445,JP3783430006
1446,JP3244530006
1447,JP3104860006
1449,JP3814700005
144A,JP3165880000
1450,JP3468860006
1452,JP3956650000
1456,JP3047940006
1457,JP3047950005
1458,JP3047970003
1459,JP3047980002
145A,JP3167730005
1466,JP3048020006
1469,JP3048050003
146A,JP3305940003
1472,JP3048080000
1473,JP3048090009
1474,JP3048100006
1475,JP3048120004
1476,JP3048130003
1477,JP3048140002
1478,JP3048150001
1479,JP3048220002
147A,JP3436240000
1480,JP3048230001
1481,JP3048240000
1482,JP3048250009
1483,JP3048260008
1484,JP3048270007
1485,JP3048280006
1486,JP3048330009
1487,JP3048340008
1488,JP3048350007
1489,JP3048390003
148A,JP3769350004
1490,JP3048400000
1491,JP3519000008
1493,JP3048430007
1494,JP3048440006
1495,JP3048450005
1496,JP3048460004
1497,JP3048470003
1498,JP3048600005
1499,JP3048670008
149A,JP3371670005
150A,JP3386920007
1514,JP3400750000
1515,JP3680800004
1518,JP3894000003
151A,JP3497600001
152A,JP3197780004
153A,JP3205750007
1540,JP3047190008
1541,JP3047200005
1542,JP3047210004
1543,JP3047220003
1545,JP3047240001
1546,JP3047250000
1547,JP3047260009
154A,JP3233720006
1550,JP3047290006
1551,JP3047300003
1553,JP3047320001
1554,JP3047330000
1555,JP3047340009
1557,US78462F1030
1559,JP3047360007
155A,JP3393700004
1560,JP3047370006
1563,JP3047400001
1566,JP3047420009
1568,JP3047440007
1569,JP3047450006
156A,JP3869850002
1570,JP3047460005
1571,JP3047470004
1572,JP3047520006
1573,JP3047530005
1577,JP3047560002
1578,JP3047570001
1579,JP3047580000
157A,JP3274170004
1580,JP3047590009
1585,JP3047620004
1586,JP3047630003
158A,JP3161370006
1591,JP3047670009
1592,JP3047680008
1593,JP3047690007
1595,JP3047700004
1596,JP3047710003
1597,JP3047720002
1599,JP3047740000
159A,JP3050330004
1605,JP3294460005
160A,JP3119840001
1615,JP3040170007
1617,JP3046560003
1618,JP3046570002
1619,JP3046580001
161A,JP3895210007
1620,JP3046590000
1621,JP3046600007
1622,JP3046610006
1623,JP3046620005
1624,JP3046630004
1625,JP3046640003
1626,JP3046650002
1627,JP3046660001
1628,JP3046670000
1629,JP3046680009
162A,JP5392050000
1630,JP3046690008
1631,JP3046700005
1632,JP3046710004
1633,JP3046720003
163A,JP5392060009
164A,JP3121250009
1651,JP3048490001
1652,JP3048500007
1653,JP3048510006
1654,JP3048520005
1655,JP3048530004
1656,JP3048540003
1657,JP3048550002
1658,JP3048560001
1659,JP3048570000
1660,JP3048580009
1662,JP3421100003
1663,JP3277020008
166A,JP3464310006
1671,JP3047080001
1672,JE00B1VS3770
1673,JE00B1VS3333
1674,JE00B1VS2W53
1675,JE00B1VS3002
1676,JE00B1VS3W29
1677,JP3047090000
1678,JP3047100007
1679,JP3047110006
167A,JP3975410006
1680,JP3047120005
1681,JP3047130004
1684,GB00B15KY989
1685,GB00B15KYB02
1686,GB00B15KYG56
1687,GB00B15KYH63
1688,GB00B15KYL00
1689,JE00BN7KB334
168A,JP3140900006
1690,GB00B15KXV33
1691,GB00B15KXW40
1692,GB00B15KXN58
1693,GB00B15KXQ89
1695,JE00BN7KB664
1696,JE00BN7KB441
1697,GB00B15KY542
1698,JP3047170000
1699,JP3047180009
170A,JP3050340003
1711,JP3363000005
1716,JP3473700007
1717,JP3920400003
1718,JP3882700002
1719,JP3767810009
171A,JP3428880003
1720,JP3567410000
1721,JP3305530002
1723,JP3734350006
1724,JP3372200000
1726,JP3799610005
172A,JP3758290005
1736,JP3172410007
1738,JP3681170001
173A,JP3777550009
1758,JP3450200005
175A,JP3154210003
1762,JP3457900003
1764,JP3266150006
1766,JP3590900001
1768,JP3435700004
1770,JP3816750008
1771,JP3695100002
1777,JP3224800007
177A,JP3283630006
1780,JP3934300009
1783,JP3653550008
1786,JP3197950003
1787,JP3644600003
1788,JP3336500008
178A,JP3050350002
1793,JP3190500003
1795,JP3863100008
1798,JP3927400006
1799,JP3474610007
179A,JP3050360001
1801,JP3443600006
1802,JP3190000004
1803,JP3358800005
1807,JP3993800006
1808,JP3768600003
180A,JP3050370000
1810,JP3863600007
1811,JP3427800002
1812,JP3210200006
1813,JP3825600004
1814,JP3485400000
1815,JP3545600003
181A,JP3050380009
1820,JP3659200004
1822,JP3498600000
1826,JP3319600007
1827,JP3643600004
1828,JP3468900000
182A,JP3050390008
1832,JP3846800005
1833,JP3194800003
1835,JP3595400007
183A,JP3050400005
1840,JP3533300004
1844,JP3190600001
1847,JP3141400006
1848,JP3820650004
184A,JP3869870000
1850,JP3652600002
1852,JP3110000001
1853,JP3923600005
185A,JP3974130001
1860,JP3627000007
1861,JP3266800006
1866,JP3240000004
1867,JP3154400000
1869,JP3915800001
186A,JP3119820003
1870,JP3933200002
1871,JP3801400007
1873,JP3783500006
1878,JP3486800000
1879,JP3380300008
1882,JP3558000000
1885,JP3556000002
1887,JP3707200006
1888,JP3990800009
188A,JP3050410004
1892,JP3625800002
1893,JP3309000002
1897,JP3216600001
1898,JP3414600001
1899,JP3805600008
189A,JP3548490006
1904,JP3443000009
1905,JP3545800009
1909,JP3740800002
190A,JP3283730004
1911,JP3409800004
1914,JP3697400004
1921,JP3631400003
1925,JP3505000004
1926,JP3965800000
1928,JP3420600003
1929,JP3684800000
192A,JP3152920009
1930,JP3845000003
1934,JP3946200007
1938,JP3510600004
1939,JP3962600007
1941,JP3524000001
1942,JP3230600003
1944,JP3263000006
1945,JP3585400009
1946,JP3552230009
1948,JP3288600004
194A,JP3159860000
1950,JP3736200001
1951,JP3254200003
1952,JP3380250005
1959,JP3247050002
195A,JP3965430006
1960,JP3335400002
1961,JP3325600009
1963,JP3667600005
1964,JP3519800001
1965,JP3545040002
1966,JP3457600009
1967,JP3940800000
1968,JP3447200001
1969,JP3455200000
196A,JP3167380009
1972,JP3330800008
1975,JP3112800002
1976,JP3918200001
1979,JP3441200007
197A,JP3452250008
1980,JP3486000007
1981,JP3254800000
1982,JP3793400007
198A,JP3856150002
1992,JP3230000006
1994,JP3457800005
1997,JP3131000006
1999,JP3310600006
199A,JP3921360008
2001,JP3723000000
2002,JP3676800000
2003,JP3683200004
2004,JP3366400004
2009,JP3636200002
200A,JP3050420003
2011,JP3050220007
2012,JP3050230006
2013,JP3050240005
2014,JP3050250004
2015,JP3050260003
2016,JP3050270002
2017,JP3050280001
2018,JP3050290000
2019,JP3050300007
201A,JP3050430002
2031,JP5528190001
2032,JP5528200008
2033,JP5528210007
2034,JP5528220006
2036,JP5528240004
2037,JP5528250003
2038,JP5528260002
2039,JP5528270001
203A,JP3360050003
2040,JP5528280000
2041,JP5528290009
2042,JP5528300006
2043,JP5528310005
2044,JP5528320004
2045,JP5528330003
2046,JP5528340002
2047,JP5528350001
2048,JP5528360000
204A,JP3449120009
2050,JP5528440000
2053,JP3525400002
2055,JP3666400001
2058,JP3783700002
205A,JP3984080006
2060,JP3802960009
2065,JP5528380008
2066,JP5528390007
2067,JP5528400004
2068,JP5528410003
2069,JP5528420002
206A,JP3833190006
2070,JP5392010004
2071,JP5392020003
2072,JP5392030002
2073,JP5392040001
207A,JP3965410008
2080,JP3049980000
2081,JP3049990009
2082,JP3050000003
2083,JP3050010002
2084,JP3050020001
2085,JP3050030000
2086,JP3050040009
2087,JP3050050008
2088,JP3050060007
2089,JP3050070006
208A,JP3288940004
2090,JP3050080005
2091,JP3050090004
2092,JP3050100001
2093,JP3050110000
2094,JP3050120009
2095,JP3050130008
2096,JP3050140007
2097,JP3050150006
2098,JP3050160005
209A,JP3197400009
2108,JP3732600006
2109,JP3890400009
210A,JP3050440001
2112,JP3168800005
2114,JP3722200007
2117,JP3676600004
211A,JP3214370003
2120,JP3758140002
2121,JP3882750007
2122,JP3152830000
2124,JP3386130003
2127,JP3689050007
212A,JP3803140007
2130,JP3921700005
2134,JP3325800005
2136,JP3791970001
2137,JP3783440005
2138,JP3155270006
2139,JP3520800008
213A,JP3050450000
2146,JP3949500007
2148,JP3104880004
2152,JP3953750001
2153,JP3130480001
2154,JP3635580008
2156,JP3413200001
2157,JP3297360004
2158,JP3944630007
215A,JP3449040009
2160,JP3386370005
2162,JP3750800009
2163,JP3126230006
2164,JP3507500001
2168,JP3781490002
2169,JP3347040002
216A,JP3966400008
2170,JP3977020001
2172,JP3152630004
2173,JP3766300002
2175,JP3162350007
2179,JP3414400006
217A,JP3322820006
2180,JP3322500004
2181,JP3547670004
2183,JP3974530002
2185,JP3347170007
2186,JP3431520000
218A,JP3974870002
2193,JP3266170004
2195,JP3124440003
2198,JP3101120008
219A,JP3765140003
2201,JP3926400007
2204,JP3646000004
2206,JP3161200005
2207,JP3920200007
2208,JP3831400001
2209,JP3149200002
220A,JP3802480008
2211,JP3821200007
2212,JP3935600001
2215,JP3479400008
2216,JP3233400005
2217,JP3927600001
2218,JP3664800004
221A,JP3050460009
2220,JP3219800004
2221,JP3152200006
2222,JP3299600001
2224,JP3305700001
2226,JP3829100001
2229,JP3220580009
222A,JP3668350006
2235,JP3049780004
2236,JP3049790003
2237,JP3049800000
2238,JP3049810009
2239,JP3049820008
223A,JP3050470008
2240,JP3049830007
2241,JP3049840006
2242,JP3049850005
2243,JP3049860004
2244,JP3049870003
2245,JP3049880002
2246,JP3049890001
2247,JP3049900008
2248,JP3049910007
2249,JP3049920006
224A,JP3050480007
2250,JP3049930005
2251,JP3049940004
2252,JP3049950003
2253,JP3049960002
2254,JP3049970001
2255,JP3050170004
2256,JP3050180003
2257,JP3050190002
2258,JP3050200009
2259,JP3050210008
2264,JP3926800008
2266,JP3984800007
2267,JP3931600005
2268,JP3799600006
2269,JP3918000005
226A,JP3212500007
2270,JP3947800003
227A,JP3152660001
2281,JP3833200003
2282,JP3743000006
2286,JP3772200006
2288,JP3876400007
228A,JP3197790003
2291,JP3806600007
2292,JP3399300007
2293,JP3462000005
2294,JP3206500005
2296,JP3144500000
229A,JP3119830002
2300,JP3256850003
2301,JP3234400004
2303,JP3637600002
2304,JP3425500000
2305,JP3399240005
2307,JP3272600002
2311,JP3167250004
2315,JP3333400004
2317,JP3351050004
231A,JP3272450002
2321,JP3436190007
2323,JP3758080000
2325,JP3718600004
2326,JP3549020000
2327,JP3379900008
2329,JP3604400006
2330,JP3802810006
2331,JP3431900004
2332,JP3266130008
2334,JP3131380002
2335,JP3244950006
2337,JP3120010008
2338,JP3345580009
233A,JP3050490006
2340,JP3387850005
2341,JP3126180003
2342,JP3635720000
2345,JP3351020007
2349,JP3164610002
234A,JP3050500002
2351,JP3122420007
2353,JP3728000005
2354,JP3931800001
2359,JP3284000001
235A,JP3050510001
236A,JP3050520000
2370,JP3920990003
2371,JP3206000006
2373,JP3277500009
2375,JP3410750008
2376,JP3311350007
2378,JP3978800005
2379,JP3548640006
237A,JP3050530009
2384,JP3163500006
2385,JP3431850001
2388,JP3831450006
238A,JP3050540008
2391,JP3833120003
2393,JP3699800003
2395,JP3379950003
239A,JP3778530000
2404,JP3545620001
2408,JP3277130005
2410,JP3244450007
2411,JP3282850001
2413,JP3435750009
2415,JP3794520001
2418,JP3835670005
241A,JP3984210009
2424,JP3830600007
2425,JP3277450007
2428,JP3155370004
2429,JP3990220000
242A,JP3974690004
2432,JP3548610009
2433,JP3766550002
2435,JP3351630003
2436,JP3253500007
2437,JP3384900001
2438,JP3119670002
243A,JP3629270004
2440,JP3274180003
2445,JP3161560002
2449,JP3833050002
244A,JP3274290000
2452,JP3306450002
2454,JP3174050009
2459,JP3105310001
245A,JP3152680009
2461,JP3802840003
2462,JP3386120004
2464,JP3800290003
2467,JP3778370001
2469,JP3793200001
246A,JP3119640005
2471,JP3163900008
2475,JP3505940001
2477,JP3783300001
2479,JP3386260008
247A,JP3160060004
2480,JP3351080001
2481,JP3452300001
2483,JP3854900002
2484,JP3952870008
2485,JP3539150007
2488,JP3710700000
2489,JP3121970002
248A,JP3240450001
2491,JP3778390009
2492,JP3153480003
2493,JP3130420007
2497,JP3758130003
2498,JP3121120004
2499,JP3756080002
249A,JP3794450001
2501,JP3320800000
2502,JP3116000005
2503,JP3258000003
250A,JP3356550008
2510,JP3048610004
2511,JP3048620003
2512,JP3048630002
2513,JP3048640001
2514,JP3048650000
2515,JP3048660009
2516,JP3048700003
2517,JP3048710002
2518,JP3048720001
2519,JP3048730000
251A,JP3756360008
2520,JP3048740009
2521,JP3048760007
2522,JP3048790004
2523,JP3048800001
2524,JP3048830008
2525,JP3048840007
2526,JP3048850006
2527,JP3048860005
2528,JP3048870004
2529,JP3048890002
252A,JP3154880003
2530,JP3048900009
2531,JP3459600007
2533,JP3307400006
253A,JP3130710001
2540,JP3953800004
254A,JP3160070003
2551,JP3874600004
2552,JP3048910008
2553,JP3048920007
2554,JP3048930006
2555,JP3048940005
2556,JP3048950004
2557,JP3048970002
2558,JP3048980001
2559,JP3048990000
255A,JP3386930006
2560,JP3049010006
2561,JP3049020005
2562,JP3049030004
2563,JP3049040003
2564,JP3049050002
2565,JP3049060001
2566,JP3049070000
2567,JP3049080009
2568,JP3049090008
2569,JP3049100005
256A,JP3629810007
2573,JP3847800004
2579,JP3293200006
257A,JP3050550007
2585,JP3966680005
2586,JP3828300008
2587,JP3336560002
2588,JP3155450004
258A,JP3050560006
2590,JP3488400007
2593,JP3143000101
2594,JP3236300004
2597,JP3950820005
259A,JP3277640003
2602,JP3677200002
2607,JP3816400000
2612,JP3214400008
2613,JP3840000008
261A,JP3678050000
2620,JP3049120003
2621,JP3049130002
2622,JP3049140001
2623,JP3049150000
2624,JP3049160009
2625,JP3049170008
2626,JP3049210002
2627,JP3049220001
2628,JP3049230000
2629,JP3049240009
262A,JP3152840009
2630,JP3049180007
2631,JP3049190006
2632,JP3049200003
2633,JP3049250008
2634,JP3049260007
2636,JP3049280005
2637,JP3049290004
2638,JP3049300001
2639,JP3049310000
263A,JP3549110009
2640,JP3049320009
2641,JP3049330008
2642,JP3049340007
2643,JP3049350006
2644,JP3049360005
2645,JP3049370004
2646,JP3049380003
2647,JP3049390002
2648,JP3049400009
2649,JP3049450004
264A,JP3397070008
2652,JP3879700007
2653,JP3245400001
2654,JP3384720003
2656,JP3835400007
2659,JP3324500002
265A,JP3161040005
2664,JP3226450009
2666,JP3172430005
2667,JP3149400008
2668,JP3506100001
2669,JP3217900004
266A,JP3274270002
2670,JP3152740001
2673,JP3952900003
2674,JP3765120005
2676,JP3457710006
2678,JP3119920001
267A,JP3637350004
2681,JP3282400005
2683,JP3155500006
2685,JP3856000009
2686,JP3536900008
2687,JP3346250008
2689,JP3226700007
268A,JP3969750003
2693,JP3990750006
2694,JP3834150009
2695,JP3268200007
2698,JP3244550004
269A,JP3322790001
2700,JP3240900005
2702,JP3750500005
2705,JP3188300002
2708,JP3266120009
271A,JP3108240007
2721,JP3386180008
2722,JP3101100000
2726,JP3781650001
272A,JP3274190002
2730,JP3164470001
2733,JP3125100002
2734,JP3310350008
2735,JP3993950009
2736,JP3319700005
2737,JP3553900006
273A,JP3050570005
2742,JP3773750009
2747,JP3843370002
2749,JP3386190007
274A,JP3233650005
2750,JP3136950007
2751,JP3547700009
2752,JP3807770007
2753,JP3124450002
275A,JP3778000004
2760,JP3571600000
2762,JP3332520000
2763,JP3166940001
2764,JP3796000002
2767,JP3802680003
2768,JP3663900003
2769,JP3159960008
276A,JP3266240005
2776,JP3270600004
2778,JP3782800001
277A,JP3274430002
2780,JP3305590006
2782,JP3423520000
2784,JP3126340003
2788,JP3121170009
2789,JP3220800001
278A,JP3546450002
2790,JP3651160008
2791,JP3483050005
2792,JP3770080004
2795,JP3749250001
2796,JP3802320006
2798,JP3990760005
279A,JP3152690008
2801,JP3240400006
2802,JP3119600009
2804,JP3831200005
2805,JP3163600004
2806,JP3949200004
2809,JP3244800003
280A,JP3538740006
2810,JP3765400001
2811,JP3208200000
2813,JP3993000003
2814,JP3322100003
2815,JP3125800007
2816,JP3483900001
2818,JP3801590005
2819,JP3165930003
281A,JP3153820000
2820,JP3943100002
282A,JP3050580004
2831,JP3767600004
2836,JP3049410008
2837,JP3049420007
2838,JP3049430006
2839,JP3049440005
283A,JP3050590003
2840,JP3049460003
2841,JP3049470002
2842,JP3049480001
2843,JP3049490000
2844,JP3049500006
2845,JP3049520004
2846,JP3049530003
2847,JP3049540002
2848,JP3049550001
2849,JP3049560000
284A,JP3806730002
2851,JP3049580008
2852,JP3049590007
2853,JP3049600004
2854,JP3049610003
2855,JP3049620002
2856,JP3049630001
2857,JP3049640000
2858,JP3049650009
2859,JP3049660008
285A,JP3236330001
2860,JP3049670007
2861,JP3049680006
2862,JP3049690005
2864,JP3049710001
2865,JP3049720000
2866,JP3049730009
2867,JP3049740008
2868,JP3049750007
2869,JP3049760006
286A,JP3946900002
2870,JP3049770005
2871,JP3665200006
2872,JP3415600000
2874,JP3957000007
2875,JP3613000003
2876,JP3385950005
2877,JP3684300001
287A,JP3272790001
2882,JP3130740008
2883,JP3500150002
2884,JP3958400008
288A,JP3967160007
2892,JP3715600007
2894,JP3133600001
2897,JP3675600005
2901,JP3135600009
2902,JP3449600000
2903,JP3354200002
2904,JP3142200009
2907,JP3119400004
2908,JP3818700001
290A,JP3376720003
2910,JP3984200000
2911,JP3117000004
2914,JP3726800000
2915,JP3281850002
2916,JP3426100008
2917,JP3190700009
2918,JP3994400004
2919,JP3876200001
291A,JP3974170007
2922,JP3651060000
2923,JP3322110002
2924,JP3148950003
2926,JP3354050001
2927,JP3124700000
2928,JP3281880009
2929,JP3802310007
292A,JP3161620004
2930,JP3240100002
2931,JP3944370000
2932,JP3163130002
2933,JP3241500002
2934,JP3386650000
2935,JP3801810007
2936,JP3835230008
2937,JP3328700004
2938,JP3192300006
293A,JP3835710009
294A,JP3050600000
295A,JP3050610009
2961,JP3729300008
2962,JP3545300000
296A,JP3979290008
2970,JP3273780001
2971,JP3048810000
2972,JP3048880003
2974,JP3440300006
2975,JP3399340003
2976,JP3699550004
2978,JP3532950007
2979,JP3048960003
297A,JP3126430002
2980,JP3161320001
2981,JP3968750004
2982,JP3160560003
2983,JP3100570005
2984,JP3933900007
2985,JP3802240006
2986,JP3968300008
2989,JP3049110004
298A,JP3386940005
2990,JP3102600008
2991,JP3968860001
2992,JP3100320005
2993,JP3527450005
2994,JP3127630006
2995,JP3386820009
2997,JP3399790009
2998,JP3269780007
2999,JP3837680002
299A,JP3549330003
3001,JP3211400001
3002,JP3275200008
3003,JP3360800001
3004,JP3370400008
300A,JP3894500002
3010,JP3393800002
3011,JP3864600006
301A,JP3153310002
3020,JP3122630001
3021,JP3781360007
3023,JP3967450002
3024,JP3269910000
3028,JP3126470008
302A,JP3799830009
3030,JP3770350001
3031,JP3967050000
3032,JP3309070005
3034,JP3266160005
3035,JP3278700004
3036,JP3126210008
3038,JP3291200008
303A,JP3800260006
3040,JP3436300002
3041,JP3800470001
3042,JP3420960001
3045,JP3223200001
3046,JP3386110005
3047,JP3635570009
3048,JP3800390001
304A,JP3803150006
3050,JP3548660004
3053,JP3836400006
3054,JP3765220003
3055,JP3843360003
3058,JP3342100009
3059,JP3795150006
305A,JP3506030000
3063,JP3386320000
3064,JP3922950005
3065,JP3966670006
3066,JP3386330009
3067,JP3570800007
3068,JP3505930002
3069,JP3120050004
3070,JP3122670007
3071,JP3399760002
3075,JP3527550002
3076,JP3105090009
3077,JP3852850001
3079,JP3548710007
307A,JP3765290006
3080,JP3386360006
3082,JP3240300008
3083,JP3347030003
3086,JP3386380004
3087,JP3639100001
3088,JP3869010003
3089,JP3545210001
308A,JP3856160001
3091,JP3831550003
3092,JP3399310006
3093,JP3637270004
3096,JP3172260006
3097,JP3922930007
3099,JP3894900004
309A,JP3298300009
3101,JP3619800000
3103,JP3951200009
3104,JP3820800005
3105,JP3678000005
3106,JP3268800004
3107,JP3505400006
3109,JP3348400007
310A,JP3310230002
3110,JP3684400009
3111,JP3174000004
3113,JP3795400005
3116,JP3635400009
3121,JP3382200008
3123,JP3312000007
312A,JP3372550008
3131,JP3377850007
3132,JP3862960006
3133,JP3205670007
3134,JP3772000000
3135,JP3860190002
3137,JP3802970008
3138,JP3813750001
3139,JP3967250006
313A,JP3050620008
3140,JP3142450000
3143,JP3170150001
3148,JP3269940007
314A,JP3050630007
3150,JP3952860009
3151,JP3778280002
3153,JP3931700003
3154,JP3254190006
3156,JP3944360001
3157,JP3390360000
3159,JP3346330008
315A,JP3050640006
3160,JP3190430003
3161,JP3120070002
3166,JP3196630002
3167,JP3552260006
3168,JP3272780002
3169,JP3883750006
316A,JP3050650005
3172,JP3539050009
3173,JP3181400007
3174,JP3770280000
3175,JP3160620005
3176,JP3342500000
3177,JP3125850002
3178,JP3512720008
3179,JP3359940008
317A,JP3162360006
3180,JP3800480000
3181,JP3205620002
3182,JP3174190003
3183,JP3154390003
3184,JP3101920001
3185,JP3952880007
3186,JP3758210003
3187,JP3343950006
3189,JP3160160002
318A,JP3050660004
3190,JP3851900005
3191,JP3392920009
3192,JP3370200002
3193,JP3635900008
3195,JP3386510006
3196,JP3851950000
3197,JP3396210001
3198,JP3162250009
3199,JP3993830003
319A,JP3264350004
3201,JP3700800000
3202,JP3487400008
3204,JP3552170007
3205,JP3488600002
320A,JP3548470008
321A,JP3794440002
3221,JP3957600004
3222,JP3949450005
3223,JP3162580009
3224,JP3794490007
3226,JP3046440008
322A,JP3793700000
3231,JP3762900003
3232,JP3332510001
3234,JP3046470005
3236,JP3833780004
3237,JP3153170000
3238,JP3425650003
323A,JP3826330007
3241,JP3154250009
3242,JP3100230006
3245,JP3548720006
3246,JP3283670002
3248,JP3100280001
3249,JP3046500009
324A,JP3829960008
3252,JP3714200007
325A,JP3547500003
3260,JP3282500002
3261,JP3274040009
3266,JP3802920003
3267,JP3802930002
3269,JP3047160001
326A,JP3161060003
3271,JP3345720001
3276,JP3695050009
3277,JP3335000000
3279,JP3047490002
3280,JP3163350006
3281,JP3047510007
3282,JP3047540004
3283,JP3047550003
3284,JP3802060008
3286,JP3635590007
3287,JP3047610005
3288,JP3173540000
3289,JP3569200003
328A,JP3050670003
3290,JP3047640002
3291,JP3131090007
3292,JP3047650001
3293,JP3120090000
3294,JP3130350006
3295,JP3047660000
3296,JP3047750009
3297,JP3597200009
3299,JP3912500000
329A,JP3386950004
3300,JP3128650003
3302,JP3540800004
3306,JP3723400002
3309,JP3047820000
330A,JP3472120009
3315,JP3889610006
3317,JP3826350005
331A,JP3921370007
3320,JP3272700000
3321,JP3886200009
3323,JP3979500000
3326,JP3968700009
3329,JP3622800005
332A,JP3880100007
3333,JP3110500000
333A,JP3545310009
3346,JP3560550000
3349,JP3298400007
334A,JP3800240008
3350,JP3481200008
3352,JP3778360002
3353,JP3921040006
3355,JP3270810009
3358,JP3990650008
3359,JP3442910000
335A,JP3910640006
3360,JP3274150006
3361,JP3552240008
336A,JP3491920009
3370,JP3817000007
3371,JP3436040004
3372,JP3233300007
3374,JP3641220003
3375,JP3437200003
3377,JP3101150005
3382,JP3422950000
3384,JP3100070006
3386,JP3298700000
3387,JP3269930008
3388,JP3917600003
338A,JP3430200000
3391,JP3536150000
3392,JP3549350001
3393,JP3399270002
3395,JP3337070001
3396,JP3802860001
3397,JP3636650008
3399,JP3876450002
339A,JP3833890001
3401,JP3544000007
3402,JP3621000003
3405,JP3269600007
3407,JP3111200006
3409,JP3239600004
340A,JP3386960003
3415,JP3399710007
3416,JP3801630009
3417,JP3176900003
3418,JP3778420004
3419,JP3100270002
341A,JP3632670000
3420,JP3277100008
3421,JP3145800003
3422,JP3875400008
3423,JP3161570001
3426,JP3121910008
342A,JP3286370006
3431,JP3908700002
3433,JP3552290003
3434,JP3126360001
3435,JP3330500004
3436,JP3322930003
3437,JP3624800003
3439,JP3895100000
343A,JP3100660004
3440,JP3679830004
3441,JP3336700004
3442,JP3167270002
3443,JP3226300006
3444,JP3236730002
3445,JP3100350002
3446,JP3386660009
3447,JP3384730002
3448,JP3396630000
3449,JP3545260006
3451,JP3047830009
3452,JP3799770007
3454,JP3802290001
3455,JP3047910009
3457,JP3765420009
3459,JP3047960004
345A,JP5392070008
3461,JP3782700003
3462,JP3048110005
3463,JP3048160000
3465,JP3277620005
3466,JP3048180008
3467,JP3108170006
3468,JP3048200004
3469,JP3549250003
346A,JP3050680002
3470,JP3048290005
3471,JP3048300002
3472,JP3048310001
3474,JP3386610004
3475,JP3273750004
3476,JP3048370005
3477,JP3803020001
3479,JP3538710009
347A,JP3274440001
3480,JP3386630002
3481,JP3048480002
3482,JP3982600003
3483,JP3360850006
3484,JP3547690002
3486,JP3274380009
3487,JP3048680007
3488,JP3048690006
3489,JP3803030000
348A,JP3050690001
3490,JP3119890006
3491,JP3386670008
3492,JP3048750008
3494,JP3870340001
3495,JP3292700006
3496,JP3119880007
3498,JP3211050004
349A,JP3050700008
3501,JP3410200004
3504,JP3876900006
350A,JP3549120008
3512,JP3749000000
3513,JP3141200000
351A,JP3108260005
3521,JP3755800004
3524,JP3683600005
3529,JP3120200005
352A,JP3966410007
3536,JP3108160007
3537,JP3361400009
3538,JP3154270007
3539,JP3389690003
353A,JP3168220006
3542,JP3835300009
3543,JP3305580007
3544,JP3319750000
3546,JP3500050004
3547,JP3266180003
3548,JP3778450001
3549,JP3266190002
354A,JP3050710007
3550,JP3399330004
3551,JP3493000008
3553,JP3256400007
3556,JP3974560009
3557,JP3949420008
3558,JP3984120000
3559,JP3801640008
355A,JP3641380005
3560,JP3852650005
3561,JP3507780009
3562,JP3653590004
3563,JP3397150008
3565,JP3120110006
3566,JP3952530008
3569,JP3413800008
356A,JP3050720006
3571,JP3434600007
3577,JP3564600009
357A,JP3166690002
3580,JP3304600004
3583,JP3173600002
358A,JP3430300008
3591,JP3992400006
3597,JP3386400000
3598,JP3935000004
359A,JP3758310001
3600,JP3818650008
3607,JP3267800005
3608,JP3538690003
360A,JP3050730005
3611,JP3863900001
3612,JP3990210001
361A,JP3974680005
3622,JP3758180008
3623,JP3800490009
3624,JP3108130000
3625,JP3545400008
3626,JP3104890003
3627,JP3832370005
3628,JP3548730005
362A,JP3161380005
3632,JP3274070006
3633,JP3836100002
3634,JP3433300005
3635,JP3283460008
3636,JP3902200009
3639,JP3855700005
363A,JP3050740004
3640,JP3551410008
3641,JP3781540004
3645,JP3752400006
3646,JP3161250000
3647,JP3300950007
3648,JP3160460006
3649,JP3801450002
364A,JP3050750003
3652,JP3548750003
3653,JP3927550008
3656,JP3268870007
3657,JP3855950006
3659,JP3758190007
365A,JP3133250005
3660,JP3102320003
3661,JP3167310006
3662,JP3160890004
3663,JP3100260003
3664,JP3922970003
3665,JP3164590006
3667,JP3164580007
3668,JP3305960001
366A,JP3155430006
3670,JP3253820009
3671,JP3436140002
3672,JP3201800004
3673,JP3831490002
3674,JP3172070009
3675,JP3272760004
3676,JP3765110006
3678,JP3921230003
3679,JP3386490001
367A,JP3833220001
3680,JP3852000003
3681,JP3829750003
3682,JP3168300006
3683,JP3311540003
3686,JP3548760002
3687,JP3802950000
368A,JP3237550003
3690,JP3984180004
3691,JP3969570005
3692,JP3166830004
3694,JP3197690005
3695,JP3386530004
3696,JP3423570005
3697,JP3355400007
3698,JP3346050002
369A,JP3160530006
3708,JP3624900001
370A,JP3974650008
3710,JP3394800001
3712,JP3393500008
3719,JP3800280004
371A,JP3548430002
3723,JP3748520008
3726,JP3163300001
3727,JP3122610003
372A,JP3981550001
3733,JP3436020006
3739,JP3305520003
373A,JP3974620001
3741,JP3422190003
3744,JP3547100002
3747,JP3152810002
374A,JP3783770005
3750,JP3426500009
3753,JP3826280004
3758,JP3105290005
375A,JP3990500005
3760,JP3281200000
3762,JP3545130001
3763,JP3833730009
3765,JP3235900002
3766,JP3350950006
3768,JP3974180006
3769,JP3385890003
376A,JP3050760002
3771,JP3351070002
3772,JP3639550007
3773,JP3122150000
3774,JP3152820001
3775,JP3233750003
3776,JP3831480003
3777,JP3440200008
3778,JP3317300006
3779,JP3386010007
377A,JP3160520007
3787,JP3545170007
3788,JP3386040004
378A,JP3791960002
3791,JP3833770005
3793,JP3639570005
3796,JP3131050001
3798,JP3159910003
3799,JP3236150003
379A,JP3050770001
3800,JP3799680008
3802,JP3161220003
3803,JP3149300000
3804,JP3351040005
3807,JP3802890008
3808,JP3174250005
380A,JP3050780000
3810,JP3311520005
3815,JP3921140004
3816,JP3501900009
3817,JP3161450006
381A,JP3050790009
3823,JP3108120001
3824,JP3921150003
3825,JP3974900007
3826,JP3350930008
382A,JP3050800006
3834,JP3115800009
3835,JP3130790003
3836,JP3548680002
3837,JP3122030004
3839,JP3172440004
383A,JP3050810005
3840,JP3130250008
3841,JP3386340008
3842,JP3758150001
3843,JP3826720009
3844,JP3305560009
3845,JP3105080000
3848,JP3548450000
3849,JP3730900002
3850,JP3165830005
3851,JP3687000004
3853,JP3153470004
3854,JP3105180008
3856,JP3969530009
3858,JP3952840001
385A,JP3943700009
3861,JP3174410005
3863,JP3721600009
3864,JP3901200000
3865,JP3841800000
386A,JP3906200005
3877,JP3513400006
3878,JP3631000001
387A,JP3826290003
3880,JP3440400004
3891,JP3707000000
3892,JP3193900002
3895,JP3770250003
3896,JP3127000002
389A,JP3769320007
3900,JP3267900003
3901,JP3860210008
3903,JP3273810006
3904,JP3220100006
3905,JP3548480007
3907,JP3369550003
3908,JP3305890000
3909,JP3360120004
3910,JP3167410004
3911,JP3161050004
3912,JP3922980002
3913,JP3163950003
3914,JP3386560001
3915,JP3546300009
3916,JP3549060006
3917,JP3105190007
3918,JP3801470000
391A,JP3939300004
3920,JP3104940006
3921,JP3758230001
3922,JP3801050000
3923,JP3967170006
3925,JP3505980007
3926,JP3173560008
3927,JP3100110000
3928,JP3860330004
3929,JP3431100001
392A,JP3050820004
3930,JP3769650007
3931,JP3778430003
3932,JP3107000006
3933,JP3507650004
3934,JP3835680004
3935,JP3164460002
3936,JP3274310006
3937,JP3160910000
3939,JP3215100003
393A,JP3974440004
3940,JP3762500001
3941,JP3981400009
3943,JP3174800007
3944,JP3828800007
3945,JP3395400009
3946,JP3554000004
3947,JP3494200003
3948,JP3783450004
394A,JP3050830003
3950,JP3345900009
3951,JP3110600008
3953,JP3190450001
3954,JP3368600007
3955,JP3149150009
3958,JP3319050005
395A,JP3050840002
3962,JP3507750002
3963,JP3372300008
3964,JP3172060000
3965,JP3244420000
3967,JP3167700008
3968,JP3421350004
3969,JP3160930008
396A,JP3050850001
3970,JP3147900009
3974,JP3544970001
3976,JP3359750001
3977,JP3826100004
3979,JP3159920002
3981,JP3799710003
3983,JP3201900002
3984,JP3944410004
3985,JP3545850004
3986,JP3799760008
3987,JP3161290006
3988,JP3164200002
3989,JP3347190005
398A,JP3969540008
3991,JP3155850005
3992,JP3654100001
3993,JP3780050005
3994,JP3869960009
3996,JP3312170008
3997,JP3637220009
3998,JP3410450005
399A,JP3050860000
40001186,JP3627001SG2
40001278,JP3126341SJ2
40001339,JP3549351SJ0
40001524,JP3545291QG2
40001539,JP3119801SJ4
40001570,JP3599001SF8
40001930,JP3891201SE2
40002539,JP3119802SJ2
40002605,JP3157251QD2
40002795,JP3813401RF2
40002810,JP3875201SL7
40002930,JP3891202SE0
40003142,JP3337551RM7
40003254,JP3160072RG8
40003348,JP3547691PQ2
40003425,JP3124491SF5
40003455,JP3816203QL9
40003512,JP3803131RQ4
40003605,JP3157252QD0
40003649,JP3907601SL0
40003767,JP3651041SK9
40003768,JP3206701SF8
40003892,JP3920301QK6
40004142,JP3337552RM5
40004254,JP3160073RG6
40004488,JP3981101RQ1
40004512,JP3803132RQ2
40004757,JP3664901SH5
40004767,JP3651042SK7
40004892,JP3920302QK4
40005254,JP3160074RG4
40005488,JP3981101SD7
40005512,JP3803133RQ0
40005652,JP3119861QM6
40005892,JP3920303QK2
40005921,JP3264601RN5
40005942,JP3732401SJ0
40006280,JP3538741SH9
40006306,JP3386321SL5
40006488,JP3981101SF2
40006491,JP3104991SL6
40006589,JP3949301SD4
40006652,JP3119862QM4
40006820,JP3967001KK9
40006921,JP3264602RN3
40007143,JP3802981RK6
40007306,JP3386331SJ8
40007349,JP3119891SL1
40007488,JP3981102SF0
40007493,JP3974811SF5
40007652,JP3119863QM2
40007921,JP3264603RN1
40008276,JP3332521SJ9
40008306,JP3386332SJ6
40008335,JP3442911QQ8
40008349,JP3119892SL9
40008397,JP3147902NG3
40008669,JP3499481RQ2
40008889,JP3772301QQ2
40009190,JP3283731RM9
40009313,JP3205671SF4
40009318,JP3160161SF9
40009335,JP3442912QQ6
40009397,JP3147903NG1
40009572,JP3359202RM0
40010190,JP3283732RM7
40010272,JP3386181SE8
40010281,JP3153821SK7
40010652,JP3119862SK4
40011190,JP3283733RM5
40011367,JP3201801RQ0
40011377,JP3831481ND6
40011559,JP3831081RN4
40011713,JP3636101SE4
40011774,JP3193001SJ0
40011891,JP3968801PP9
40012246,JP3778372NK7
40012459,JP3549371SL4
40012534,JP3110801RQ0
40012760,JP3865001SG3
40012774,JP3193002SJ8
40013258,JP3828303PQ4
40013457,JP3548741RL1
40013672,JP3154371SD7
40014233,JP3345582RN0
40014258,JP3828304PQ2
40014317,JP3770281SJ9
40014657,JP3119611SF5
40014934,JP3102361QN4
40015240,JP3545622QQ7
40015382,JP3108123PP9
40015934,JP3102361QQ7
40016240,JP3545623QQ5
40016382,JP3108121SG6
40016457,JP3967151PD6
40016488,JP3270791RL0
40016934,JP3102361RD3
40016997,JP3298802RG3
40017233,JP3345581SL4
40017234,JP3351021SH0
40017382,JP3108122SG4
40017497,JP3974771SJ3
40017934,JP3102361RF8
40018382,JP3108123SG2
40018497,JP3974771SK1
40018714,JP3836351SK0
40018779,JP3130721SJ9
40018987,JP3420901RQ3
40019382,JP3108124SG0
40019459,JP3974852RL9
40019488,JP3922601SJ5
40019987,JP3420902RQ1
40020237,JP3920991RQ9
40020278,JP3546453SK5
40020434,JP3431201QN4
40020459,JP3974853RL7
40020878,JP3273831SK1
40021278,JP3546454SK3
40021434,JP3431202QN2
40021459,JP3835101PL4
40021673,JP3801621SF7
40022278,JP3546455SK0
40022366,JP3164581SH0
40022434,JP3431203QN0
40022457,JP3651121RN5
40022459,JP3835101QE7
40022608,JP3124851SH6
40023335,JP3481201RQ4
40023338,JP3422951SL5
40023368,JP3548762RK9
40023458,JP3386461RD8
40023608,JP3124852SH4
40024335,JP3481202RQ2
40024338,JP3422952SL3
40025335,JP3481201SE8
40025338,JP3422953SL1
40025524,JP3168251PM2
40025777,JP3423531RQ5
40026335,JP3481201SG3
40026338,JP3422954SL9
40026459,JP3835101RE5
40027335,JP3481202SG1
40027338,JP3422955SL6
40027406,JP3371201SL6
40027459,JP3835101SE3
40028406,JP3371202SL4
40028636,JP3481804SH2
40029636,JP3481805SH9
40030636,JP3481806SH7
40036777,JP3410732PK1
40038456,JP3202151RQ9
40039366,JP3922971SJ2
4004,JP3368000000
4005,JP3401400001
40058458,JP3383051NJ6
40066458,JP3383052RL1
40067458,JP3383053RL9
4008,JP3405600002
4011,JP3835050000
4012,JP3108210000
4013,JP3680630005
4014,JP3220270007
4015,JP3125700009
4016,JP3895150005
4017,JP3269770008
4018,JP3386740009
4019,JP3399350002
401A,JP3050870009
4020,JP3799720002
4021,JP3670800006
4022,JP3967400007
4023,JP3271600003
4025,JP3461000006
4026,JP3289000006
4027,JP3539300008
4028,JP3136800004
402A,JP3108250006
4031,JP3211800002
403A,JP3839200007
4040,JP3652150008
4041,JP3726200003
4042,JP3595200001
4043,JP3625000009
4044,JP3425000001
4045,JP3556400004
4046,JP3485900009
4047,JP3232600001
404A,JP3050880008
4051,JP3386710002
4052,JP3803080005
4053,JP3323800007
4054,JP3718700002
4055,JP3539210009
4056,JP3756370007
4057,JP3152710004
4058,JP3632650002
4059,JP3863060004
405A,JP3305820007
4060,JP3967270004
4061,JP3549600009
4062,JP3148800000
4063,JP3371200001
4064,JP3690000009
4068,JP3835270004
4069,JP3831120005
406A,JP3227390006
4071,JP3832700003
4072,JP3551440005
4073,JP3386780005
4074,JP3967020003
4075,JP3831430008
4076,JP3347160008
4078,JP3312800000
407A,JP3950870000
4082,JP3474350000
4088,JP3160670000
408A,JP3050890007
4091,JP3711600001
4092,JP3691600005
4093,JP3599400003
4094,JP3692000007
4095,JP3744600002
4097,JP3285800003
4098,JP3509000000
4099,JP3349600001
409A,JP3200010001
4100,JP3627400009
4102,JP3872800002
4107,JP3139300002
4109,JP3399720006
410A,JP3386970002
4112,JP3852600000
4113,JP3452400009
4114,JP3715200006
4116,JP3492200005
4118,JP3215800008
4119,JP3747000002
411A,JP3751100003
4120,JP3396600003
4124,JP3187100007
4125,JP3345520005
412A,JP3050900004
413A,JP3050910003
414A,JP3173150008
4151,JP3256000005
415A,JP3386980001
4165,JP3833270006
4166,JP3212250009
4167,JP3297370003
4168,JP3933850004
4169,JP3165870001
416A,JP3821300005
4170,JP3205610003
4171,JP3274340003
4172,JP3622700007
4174,JP3122490000
4175,JP3305910006
4176,JP3297320008
4177,JP3104830009
4178,JP3347180006
4179,JP3386760007
417A,JP3831110006
4180,JP3160960005
4182,JP3896800004
4183,JP3888300005
4186,JP3571800006
4187,JP3187000009
4188,JP3897700005
4189,JP3277040006
418A,JP3159840002
4192,JP3399950009
4193,JP3802470009
4194,JP3800270005
4196,JP3758260008
4197,JP3119870008
4198,JP3547620009
4199,JP3994700007
419A,JP3968630008
4202,JP3485800001
4203,JP3409400003
4204,JP3419400001
4205,JP3725400000
4206,JP3100800006
4208,JP3158800007
4212,JP3420200002
4216,JP3117200000
4218,JP3662400005
421A,JP3912300005
4220,JP3973000007
4221,JP3178400002
4222,JP3299000004
4224,JP3985200009
4228,JP3419800002
4229,JP3274800006
422A,JP3469600005
42301623,JP3394901PE5
42302433,JP3944351PN9
42303433,JP3944352PN7
4231,JP3440800005
4234,JP3324600000
4235,JP3473600009
4237,JP3820720005
4238,JP3910570005
423A,JP3965440005
4240,JP3268810003
4241,JP3121300002
4242,JP3453900007
4243,JP3668300001
4245,JP3480590003
4246,JP3481300006
4247,JP3856400001
4248,JP3463300008
4249,JP3927450001
424A,JP3050920002
4250,JP3829500002
4251,JP3281610000
4255,JP3345710002
4256,JP3312160009
4258,JP3124490008
4259,JP3161330000
425A,JP3050930001
4260,JP3765230002
4261,JP3118700008
4262,JP3756210005
4263,JP3319150003
4264,JP3420920005
4265,JP3152640003
426A,JP3050940000
4270,JP3799690007
4272,JP3694400007
4274,JP3846200008
4275,JP3205320009
4284,JP3436400000
4286,JP3980300002
4287,JP3388470001
4288,JP3119910002
428A,JP3311900009
4290,JP3833620002
4293,JP3423300007
4299,JP3765250000
429A,JP3545320008
4301,JP3124500004
4307,JP3762800005
4308,JP3386170009
430A,JP3758320000
4310,JP3639420003
4316,JP3799750009
4317,JP3979230004
4318,JP3266000003
431A,JP3944590003
4320,JP3346350006
4323,JP3712550007
4324,JP3551520004
4326,JP3152790006
432A,JP3270300001
4331,JP3539350003
4334,JP3944350002
4335,JP3104980002
4337,JP3801570007
433A,JP3167740004
4341,JP3418100008
4343,JP3131420006
4344,JP3431200009
4345,JP3346970001
4346,JP3758020006
4347,JP3268830001
434A,JP3978150005
4350,JP3920940008
4351,JP3938900002
4356,JP3174500003
435A,JP3050950009
4360,JP3869910004
4361,JP3222600003
4362,JP3720000003
4365,JP3869100002
4366,JP3486500006
4367,JP3286100007
4368,JP3822600007
4369,JP3636000006
436A,JP3311480002
4370,JP3922990001
4371,JP3284100009
4372,JP3952890006
4373,JP3383270000
4374,JP3985100001
4375,JP3413100003
4376,JP3266310006
4377,JP3994450009
4378,JP3372170005
4379,JP3803090004
437A,JP3386990000
4380,JP3167490006
4381,JP3799780006
4382,JP3783070000
4385,JP3921290007
4386,JP3161590009
4387,JP3411810009
4388,JP3160020008
4389,JP3833820008
438A,JP3153840008
4390,JP3104910009
4391,JP3984140008
4392,JP3166650006
4393,JP3778460000
4394,JP3161310002
4395,JP3108180005
4396,JP3350960005
4397,JP3507200008
4398,JP3831470004
439A,JP3108270004
4401,JP3114800000
4403,JP3753400005
4404,JP3910400005
4406,JP3382600009
4409,JP3599800004
4410,JP3772600007
4412,JP3310370006
4413,JP3855450007
4414,JP3828970008
4415,JP3831520006
4416,JP3620900005
4417,JP3274390008
4418,JP3386800001
4419,JP3803110000
441A,JP3164790002
4420,JP3130650009
4421,JP3548810005
4422,JP3778470009
4424,JP3124740006
4425,JP3266220007
4426,JP3781440007
4427,JP3164480000
4428,JP3977010002
4429,JP3974510004
442A,JP3268780008
4430,JP3564800005
4431,JP3400110007
4432,JP3154360006
4433,JP3791990009
4434,JP3310250000
4436,JP3911000002
4437,JP3273760003
4438,JP3155410008
4439,JP3606150005
443A,JP3050960008
4440,JP3159930001
4441,JP3630000002
4442,JP3778480008
4443,JP3332540008
4444,JP3153490002
4445,JP3974710000
4446,JP3977060007
4447,JP3801490008
4448,JP3512900006
4449,JP3264870001
444A,JP3104750009
4450,JP3782930006
4452,JP3205800000
445A,JP3610000006
4461,JP3475000000
4462,JP3136900002
4463,JP3666700004
4464,JP3436030005
4465,JP3657250001
446A,JP3759250008
4471,JP3337600005
4475,JP3835150008
4476,JP3160030007
4477,JP3835260005
4478,JP3826520003
4479,JP3862920000
447A,JP3050970007
4480,JP3921310003
4481,JP3835210000
4482,JP3154190007
4483,JP3386690006
4484,JP3968650006
4486,JP3949550002
4487,JP3400040006
4488,JP3160040006
448A,JP3050980006
4490,JP3800220000
4491,JP3306200001
4492,JP3428000008
4493,JP3311590008
4494,JP3778490007
4495,JP3101050007
4496,JP3302400001
4498,JP3311490001
4499,JP3400010009
449A,JP3050990005
4502,JP3463000004
4503,JP3942400007
4506,JP3495000006
4507,JP3347200002
450A,JP3051000002
4512,JP3991200001
4516,JP3717600005
4519,JP3519400000
451A,JP3051010001
4521,JP3207000005
4523,JP3160400002
4524,JP3924400009
4526,JP3972600005
4527,JP3982400008
4528,JP3197600004
452A,JP3051020000
4531,JP3946400003
4534,JP3922800002
4536,JP3336000009
4538,JP3823600006
4539,JP3701600003
453A,JP3051030009
4540,JP3535800001
4543,JP3546800008
4544,JP3822000000
4547,JP3240600001
4548,JP3414000004
4549,JP3160700005
4552,JP3701000006
4553,JP3623150004
4554,JP3816200004
4556,JP3205650009
4558,JP3519900009
4559,JP3428850006
455A,JP3778540009
4563,JP3127700007
4564,JP3202150003
4565,JP3431300007
4568,JP3475350009
4569,JP3247090008
456A,JP3794430003
4570,JP3921300004
4571,JP3651120002
4572,JP3220550002
4574,JP3442200006
4575,JP3244570002
4576,JP3548740004
4577,JP3486150000
4578,JP3188220002
4579,JP3967150008
457A,JP3978900003
4582,JP3383050006
4583,JP3205350006
4584,JP3386460004
4586,JP3921220004
4587,JP3836750004
4588,JP3202170001
458A,JP3833170008
4591,JP3974850004
4592,JP3336750009
4593,JP3835100003
4594,JP3274140007
4595,JP3885900005
4596,JP3266500002
4597,JP3436500007
4598,JP3549370009
4599,JP3399690001
459A,JP3051040008
460A,JP3830650002
4611,JP3495400008
4612,JP3749400002
4613,JP3229400001
4615,JP3378600005
4616,JP3221800000
4617,JP3522600000
4619,JP3739000002
461A,JP3051050007
4620,JP3811200009
4623,JP3116400007
4624,JP3133200000
4625,JP3121800001
4626,JP3449100001
4627,JP3651050001
4628,JP3162650000
4629,JP3484300003
462A,JP3802630008
4631,JP3493400000
4633,JP3314800008
4634,JP3606600009
4635,JP3571000003
463A,JP3153140003
4641,JP3126350002
4642,JP3200200008
4644,JP3149000006
4645,JP3141800007
464A,JP3244860007
4650,JP3396400008
4651,JP3322600002
4657,JP3227300005
4658,JP3699500009
4659,JP3160720003
465A,JP3051060006
4661,JP3198900007
4662,JP3802740005
4664,JP3100300007
4665,JP3505900005
4666,JP3780100008
4667,JP3101800005
4668,JP3916100005
466A,JP3051070005
4671,JP3802650006
4673,JP3224900005
4674,JP3271100004
4676,JP3819400007
4678,JP3359850009
4679,JP3472000003
467A,JP3051080004
4680,JP3966800009
4681,JP3974450003
4684,JP3173400007
4685,JP3976500003
4686,JP3388450003
4687,JP3539000004
4689,JP3933800009
468A,JP3051090003
4691,JP3993700008
4694,JP3799700004
469A,JP3803160005
4704,JP3637300009
4705,JP3270100005
4707,JP3238100006
4709,JP3153600006
470A,JP3982050001
4712,JP3348900006
4714,JP3974300000
4716,JP3689500001
4718,JP3993750003
4719,JP3126330004
471A,JP3164810008
4720,JP3393100007
4722,JP3826200002
4725,JP3346300001
4728,JP3552450003
472A,JP3910610009
4732,JP3944130008
4733,JP3173500004
4735,JP3249250006
4736,JP3754650004
473A,JP3051100000
4743,JP3530000003
4746,JP3590850008
4750,JP3483200006
4751,JP3311400000
4752,JP3366900003
4754,JP3626950004
4755,JP3967200001
475A,JP3264920004
4760,JP3126320005
4761,JP3317500001
4762,JP3164430005
4763,JP3269700005
4765,JP3922100007
4766,JP3801200001
4767,JP3538450002
4768,JP3188200004
4769,JP3153800002
476A,JP3532970005
4771,JP3166700009
4772,JP3549050007
4776,JP3312100005
4777,JP3233700008
477A,JP3399370000
4783,JP3709100006
4784,JP3863050005
478A,JP3825050002
4792,JP3588100002
479A,JP3833950003
4800,JP3200140006
4801,JP3425600008
4809,JP3781700004
480A,JP3974670006
4811,JP3639400005
4812,JP3551530003
4813,JP3108060009
4814,JP3758030005
4816,JP3560200002
4819,JP3549070005
481A,JP3387020005
4820,JP3130200003
4825,JP3154500007
4826,JP3346170008
4827,JP3800310009
4828,JP3618800001
4829,JP3689470007
482A,JP3413600002
4832,JP3226650004
4833,JP3781520006
4838,JP3400070003
4839,JP3990770004
483A,JP3546430004
4840,JP3639450000
4845,JP3548520000
4847,JP3153100007
4848,JP3827800008
4849,JP3168700007
484A,JP3756260000
485A,JP3782910008
486A,JP3051110009
4875,US58468P2065
487A,JP3051120008
4880,JP3423580004
4881,JP3802640007
4882,JP3836800007
4883,JP3922600006
4884,JP3270790003
4885,JP3914800002
4886,JP3119660003
4887,JP3323040000
4888,JP3399680002
4889,JP3981100005
488A,JP3051130007
4890,JP3535700003
4891,JP3544960002
4892,JP3311800001
4893,JP3759560000
4894,JP3266030000
4896,JP3280900006
489A,JP3051140006
4901,JP3814000000
4902,JP3300600008
490A,JP3424650004
4911,JP3351600006
4912,JP3965400009
4914,JP3454400007
4918,JP3104990001
4919,JP3910650005
491A,JP3051150005
4920,JP3712200009
4922,JP3283650004
4923,JP3298900006
4925,JP3765130004
4926,JP3347130001
4927,JP3855900001
4928,JP3760450001
4929,JP3119620007
492A,JP3051160004
4931,JP3381200009
4932,JP3126480007
4933,JP3100680002
4934,JP3833690005
4935,JP3974810008
4936,JP3108220009
4937,JP3992050009
493A,JP3051170003
494A,JP3051180002
4951,JP3162800001
4956,JP3300800004
4958,JP3768500005
495A,JP3051190001
4960,JP3281650006
4966,JP3155350006
4967,JP3301100008
4968,JP3125000004
496A,JP3051200008
4970,JP3610400008
4971,JP3920890005
4972,JP3431550007
4973,JP3706600008
4975,JP3166200000
4976,JP3617600006
4977,JP3679870000
4978,JP3974770004
4979,JP3174220008
497A,JP5392080007
4980,JP3548770001
4985,JP3100190002
498A,JP5392090006
4990,JP3364800007
4992,JP3851000004
4994,JP3444900009
4995,JP3328800002
4996,JP3267600009
4997,JP3741800001
4998,JP3826000006
499A,JP5392100003
500A,JP3538560008
5010,JP3723800003
5011,JP3665600007
5013,JP3948400001
5015,JP3836500003
5016,JP3379550001
5018,JP3868850003
5019,JP3142500002
501A,JP3833500006
5020,JP3386450005
5021,JP3298000005
5025,JP3860120009
5026,JP3637050000
5027,JP3164770004
5028,JP3418800003
5029,JP3310220003
502A,JP3051210007
5031,JP3922150002
5032,JP3164780003
5033,JP3757010008
5034,JP3157800008
5035,JP3839500000
5036,JP3746810005
5037,JP3803120009
5038,JP3130160009
5039,JP3240730006
503A,JP3835770003
504A,JP3147850006
505A,JP3263750006
506A,JP3371690003
5071,JP3159890007
5072,JP3100310006
5074,JP3545270005
5075,JP3121210003
5076,JP3153850007
50765,JP3153850106
5077,JP3777420005
5078,JP3423610009
5079,JP3762050007
507A,JP3549140006
509A,JP3051220006
5101,JP3955800002
5103,JP3366000002
5105,JP3610600003
5108,JP3830800003
510A,JP3765090000
5110,JP3404200002
511A,JP3159830003
5121,JP3811600000
5122,JP3192800005
5125,JP3802410005
5126,JP3855840009
5129,JP3803130008
512A,JP3051230005
5130,JP3799200005
5131,JP3976900005
5132,JP3832750008
5133,JP3546610001
5134,JP3856450006
5135,JP3161010008
5136,JP3637030002
5137,JP3400130005
5138,JP3974840005
5139,JP3173570007
513A,JP3051240004
5142,JP3108000005
514A,JP3863080002
515A,JP3051250003
5161,JP3657550004
5162,JP3117300008
516A,JP3051260002
517A,JP3051270001
5184,JP3665000000
5185,JP3807000009
5186,JP3679850002
5187,JP3269800003
5189,JP3317600009
518A,JP3051280000
5192,JP3904000001
5194,JP3316000003
5195,JP3779000003
5199,JP3821600008
519A,JP3835220009
5201,JP3112000009
5202,JP3686800008
5204,JP3136000001
5208,JP3126000003
520A,JP3387030004
5210,JP3752800007
5214,JP3733400000
5216,JP3268900002
5218,JP3197630001
521A,JP3051290009
522A,JP3293100008
5232,JP3400900001
5233,JP3449020001
5237,JP3761400005
523A,JP3418500009
5240,JP3922920008
5241,JP3689510000
5242,JP3102340001
5243,JP3759300001
5244,JP3386830008
5246,JP3168250003
5247,JP3799810001
5248,JP3545290003
5249,JP3109400006
524A,JP3471600001
5250,JP3832320000
5251,JP3154140002
5252,JP3741150001
5253,JP3218500001
5254,JP3126570005
5255,JP3928200009
5256,JP3826050001
5257,JP3762020000
5258,JP3635690005
525A,JP3869990006
5261,JP3884600002
5262,JP3745800007
5268,JP3113200004
5269,JP3708400001
526A,JP3051300006
5271,JP3554200000
5273,JP3887600009
5279,JP3704410004
527A,JP3759280005
5280,JP3957100005
5282,JP3386250009
5283,JP3458200007
5284,JP3934250006
5285,JP3939400002
5287,JP3142900004
5288,JP3389640008
528A,JP3826650008
5290,JP3835790001
5301,JP3560800009
5302,JP3690400001
5304,JP3161600006
530A,JP3051310005
5310,JP3616000000
531A,JP3051320004
532A,JP3051330003
5331,JP3763000001
5332,JP3596200000
5333,JP3695200000
5334,JP3738600000
5337,JP3506600000
533A,JP3051340002
5341,JP3110800004
5342,JP3389000005
5343,JP3669000006
5344,JP3879250003
534A,JP3051350001
5351,JP3353200003
5355,JP3755400003
5356,JP3906400001
5357,JP3953600008
535A,JP3051360000
5363,JP3589400005
5367,JP3667000008
5368,JP3687500003
536A,JP3051370009
537A,JP3051380008
5380,JP3377900000
5381,JP3751300009
5384,JP3820900003
5386,JP3536800000
5388,JP3266200009
538A,JP3051390007
5391,JP3119800005
5393,JP3660400007
539A,JP3051400004
5401,JP3381000003
5406,JP3289800009
5408,JP3646400006
540A,JP3051410003
5410,JP3307800007
5411,JP3386030005
541A,JP3051420002
5423,JP3579800008
542A,JP3800210001
543A,JP3100020001
5440,JP3247400009
5444,JP3940400009
5445,JP3584600005
5446,JP3842200002
5449,JP3184600009
544A,JP3387040003
5451,JP3959400007
5458,JP3454800008
545A,JP3635630001
5461,JP3524600008
5463,JP3871200006
5464,JP3924000007
546A,JP3910590003
5471,JP3491000000
547A,JP3914100007
5480,JP3752600001
5482,JP3103600007
5484,JP3605800006
548A,JP3350970004
5491,JP3698000001
549A,JP3792020004
550A,JP3436070001
551A,JP3138500008
5525,JP3829540008
5527,JP3833870003
5528,JP3829530009
552A,JP3051430001
5530,JP3712750003
5531,JP3646700009
5532,JP3969520000
5533,JP3167720006
5534,JP3169000001
5535,JP3882500006
5536,JP3253520005
5537,JP3126270002
5541,JP3448000004
5542,JP3383400003
554A,JP3778290001
555A,JP3842300000
5563,JP3734600004
556A,JP3147000008
5570,JP3386860005
5571,JP3161350008
5572,JP3974490009
5573,JP3638100002
5574,JP3122650009
5575,JP3274410004
5576,JP3173250006
5578,JP3160010009
5579,JP3386870004
557A,JP3803170004
5580,JP3833880002
5581,JP3205630001
5582,JP3274160005
5584,JP3399810005
5586,JP3968350003
5587,JP3153350008
5588,JP3802130009
5589,JP3172490009
558A,JP3397090006
5590,JP3758280006
5591,JP3105370005
5592,JP3266230006
5594,JP3167390008
5597,JP3831080001
5598,JP3958800009
5599,JP3161700004
559A,JP3159820004
5602,JP3270800000
5603,JP3286400001
5607,JP3514200009
5609,JP3728200001
560A,JP3191450000
5612,JP3728600002
5616,JP3124690003
5617,JP3154230001
5618,JP3641360007
5619,JP3860180003
561A,JP3860170004
5620,JP3163700002
5621,JP3794460000
5622,JP3994750002
562A,JP3840250009
5631,JP3721400004
5632,JP3900800008
563A,JP3051440000
5644,JP3920900002
564A,JP3051450009
5658,JP3660000005
5659,JP3721800005
565A,JP3410710002
5660,JP3373200009
566A,JP3051460008
567A,JP3548460009
568A,JP3051470007
5695,JP3781200005
5697,JP3337400000
5698,JP3169750001
5699,JP3148970001
569A,JP3051480006
5702,JP3480600000
5703,JP3700200003
5704,JP3386620003
5706,JP3888400003
5707,JP3599000001
570A,JP3051490005
5711,JP3903000002
5713,JP3402600005
5714,JP3638600001
5715,JP3826800009
571A,JP3051500001
5721,JP3359200007
5724,JP3109000004
5726,JP3407200009
5729,JP3721000002
572A,JP3051510000
573A,JP3051520009
5741,JP3826900007
5742,JP3164760005
574A,JP3967490008
5753,JP3716800002
5757,JP3325100000
575A,JP3860410004
576A,JP3051530008
577A,JP3051540007
578A,JP3051550006
579A,JP3051560005
5801,JP3827200001
5802,JP3407400005
5803,JP3811000003
5805,JP3368400002
580A,JP3051570004
5816,JP3172800009
5817,JP3736400007
5819,JP3215300009
581A,JP3306510003
5820,JP3903800005
5821,JP3795080005
5830,JP3149700001
5831,JP3351500008
5832,JP3520700000
5834,JP3163490000
5838,JP3967220009
583A,JP3825690005
5840,JP3726300001
5842,JP3152910000
5843,JP3687450001
5844,JP3252200005
5845,JP3430100002
584A,JP3977070006
5851,JP3975800008
5852,JP3100600000
5856,JP3620800007
5857,JP3116700000
5858,JP3163050002
585A,JP3051580003
5866,JP3154130003
5867,JP3163380003
5868,JP3984090005
5869,JP3993770001
586A,JP3051590002
5870,JP3651950002
5871,JP3436230001
5884,JP3268820002
5885,JP3386880003
5886,JP3175800006
5887,JP3286360007
5888,JP3501950004
5889,JP3389460001
588A,JP3121130003
5890,JP3197670007
5891,JP3205680006
5892,JP3949300002
5893,JP3966900007
589A,JP3758330009
5900,JP3482400003
5901,JP3613400005
5902,JP3846600009
5903,JP3383600008
5905,JP3720400005
5906,JP3167450000
5909,JP3305950002
590A,JP3264880000
5911,JP3955200005
5915,JP3302600006
5918,JP3461400008
591A,JP3310470004
5921,JP3222200002
5922,JP3651000006
5923,JP3457200008
5928,JP3126500002
5929,JP3344400001
5930,JP3831600006
5932,JP3326800004
5933,JP3126100001
5936,JP3611400007
5938,JP3626800001
5939,JP3187800002
593A,JP3539190003
5940,JP3813500000
5941,JP3642600005
5942,JP3748600008
5943,JP3759400009
5945,JP3547900005
5946,JP3527800001
5947,JP3977400005
5949,JP3952550006
594A,JP3833900008
5950,JP3745200000
5951,JP3492000009
5952,JP3124000005
5953,JP3367800004
5955,JP3936400005
5956,JP3552500005
5957,JP3682800002
5958,JP3338000007
5959,JP3192000002
595A,JP3812900003
5962,JP3108800008
5965,JP3820850000
5966,JP3250400003
5967,JP3860800006
5969,JP3985000003
5970,JP3236750000
5971,JP3254850005
5973,JP3552190005
5974,JP3521400006
5975,JP3598200008
5976,JP3288200003
5979,JP3216700009
597A,JP3127750002
5981,JP3579400007
5982,JP3875610002
5983,JP3152600007
5984,JP3216800007
5985,JP3330600002
5986,JP3925800009
5987,JP3173000005
5988,JP3780400002
5989,JP3795200009
598A,JP3512850003
5990,JP3395300001
5991,JP3742600004
5992,JP3517800003
5994,JP3577400009
5997,JP3253800001
5998,JP3213400009
599A,JP3282810005
6005,JP3880800002
600A,JP3051600009
6013,JP3462600002
6016,JP3291000002
6018,JP3776600003
601A,JP3967850003
6022,JP3106800000
6023,JP3497000004
6025,JP3746950009
6027,JP3835870001
6029,JP3121920007
602A,JP3980250009
6030,JP3122380003
6031,JP3310450006
6033,JP3161270008
6034,JP3167260003
6035,JP3100640006
6036,JP3236320002
6037,JP3802340004
6038,JP3130840006
6039,JP3740000009
603A,JP3101070005
6040,JP3719000006
6042,JP3696800006
6044,JP3325700007
6045,JP3981850005
6046,JP3977040009
6047,JP3273820005
6049,JP3144600008
604A,JP3799590009
6050,JP3130230000
6054,JP3974740007
6055,JP3389680004
6058,JP3835500004
6059,JP3157250006
605A,JP3051610008
6061,JP3952300006
6062,JP3512740006
6063,JP3688900004
6069,JP3637290002
606A,JP3051620007
6070,JP3244520007
6071,JP3104960004
6072,JP3387880002
6073,JP3117350003
6074,JP3386470003
6076,JP3124730007
6078,JP3778410005
607A,JP3167100001
6080,JP3167320005
6081,JP3124850003
6082,JP3966000006
6083,JP3130050002
6085,JP3100030000
6086,JP3383300005
6087,JP3122480001
6088,JP3348950001
6089,JP3154160000
608A,JP3051630006
6090,JP3794530000
6091,JP3154650000
6092,JP3169730003
6093,JP3162660009
6094,JP3826550000
6096,JP3979210006
6098,JP3970300004
6099,JP3167680002
609A,JP3051640005
6101,JP3531800005
6103,JP3172100004
6104,JP3592600005
610A,JP3051650004
6111,JP3113600005
6113,JP3122800000
6118,JP3102400003
611A,JP3051660003
6125,JP3193200007
612A,JP3051670002
6134,JP3809200003
6135,JP3862800004
6136,JP3170800001
6137,JP3284200007
6138,JP3485000008
613A,JP3051680001
6140,JP3114400009
6141,JP3924800000
6142,JP3815200005
6143,JP3434200006
6144,JP3416600009
6145,JP3684700002
6146,JP3548600000
6147,JP3935400006
6149,JP3196600005
614A,JP3942700000
6150,JP3462800008
6151,JP3682300003
6155,JP3457850000
6156,JP3160660001
6157,JP3675320000
6158,JP3990790002
6159,JP3883700001
615A,JP3152930008
6161,JP3163150000
6165,JP3782950004
6166,JP3645800008
6167,JP3817400009
6168,JP3172280004
616A,JP3395850005
6171,JP3639200009
6173,JP3107990008
6174,JP3551510005
6176,JP3830700005
6177,JP3121180008
6178,JP3752900005
617A,JP3979190000
6180,JP3386580009
6181,JP3780150003
6182,JP3984160006
6183,JP3835760004
6184,JP3218950008
6185,JP3435770007
6186,JP3141300008
6189,JP3274320005
6190,JP3803010002
6191,JP3167240005
6193,JP3778230007
6194,JP3121890002
6195,JP3837640006
6196,JP3399780000
6197,JP3436250009
6198,JP3244430009
6199,JP3423510001
6200,JP3152670000
6203,JP3840600005
6208,JP3135200008
6209,JP3970700005
6217,JP3533000000
6218,JP3168400004
6222,JP3356500003
6223,JP3415750003
6224,JP3386910008
6225,JP3161340009
6226,JP3927420004
6227,JP3105350007
6228,JP3386770006
6229,JP3172170007
6230,JP3324650005
6231,JP3242200008
6232,JP3394900009
6233,JP3256960000
6235,JP3197760006
6237,JP3150100000
6238,JP3826770004
6239,JP3647100001
6240,JP3936600000
6245,JP3795800006
6246,JP3147200004
6247,JP3784200002
6248,JP3955250000
6249,JP3282270002
6250,JP3943000004
6254,JP3762950008
6255,JP3165840004
6257,JP3814600007
6258,JP3795300007
6262,JP3836300008
6264,JP3878150006
6265,JP3910200009
6266,JP3468000009
6267,JP3428700003
6268,JP3651210001
6269,JP3888250002
6272,JP3979400003
6273,JP3162600005
6276,JP3651100004
6277,JP3846000002
6278,JP3950600001
6279,JP3411900008
6282,JP3174200000
6284,JP3678200001
6286,JP3414800007
6287,JP3321400008
6289,JP3264200001
6291,JP3688100001
6292,JP3225900004
6294,JP3191400005
6298,JP3990600003
6301,JP3304200003
6302,JP3405400007
6305,JP3787000003
6306,JP3669200002
6307,JP3334500000
6309,JP3631600008
6310,JP3139600005
6315,JP3555700008
6316,JP3878800006
6317,JP3237200005
6322,JP3462620000
6323,JP3982200002
6324,JP3765150002
6325,JP3453200002
6326,JP3266400005
6327,JP3237150002
6328,JP3165950001
6330,JP3607800004
6331,JP3896000001
6332,JP3532200007
6333,JP3541800003
6334,JP3916600004
6335,JP3573400003
6336,JP3134450000
6337,JP3545160008
6338,JP3457720005
6339,JP3378200004
6340,JP3356000004
6342,JP3446400008
6343,JP3826600003
6345,JP3103200006
6346,JP3236400002
6347,JP3832400000
6349,JP3305800009
6351,JP3536200003
6356,JP3698800004
6357,JP3334800004
6358,JP3313200002
6360,JP3578200002
6361,JP3166000004
6363,JP3636600003
6364,JP3841400009
6365,JP3550800001
6366,JP3528600004
6367,JP3481800005
6368,JP3201600008
6369,JP3554400006
6370,JP3270000007
6371,JP3535400000
6376,JP3668000007
6378,JP3242000002
6379,JP3331600001
6380,JP3198800009
6381,JP3122450004
6382,JP3637000005
6383,JP3497400006
6384,JP3366950008
6387,JP3322950001
6390,JP3213800000
6391,JP3212200004
6392,JP3938600008
6393,JP3948000009
6395,JP3465000002
6396,JP3158000004
6400,JP3815100007
6402,JP3217300007
6403,JP3395800000
6405,JP3398700009
6407,JP3346800000
6408,JP3195200005
6412,JP3834200002
6413,JP3974400008
6417,JP3326410002
6418,JP3697800005
6419,JP3860220007
6420,JP3805150004
6424,JP3458300005
6425,JP3126130008
6428,JP3170100006
6430,JP3483100008
6432,JP3462660006
6433,JP3783050002
6436,JP3124400007
6439,JP3643200003
6440,JP3390400004
6444,JP3336400001
6445,JP3389400007
6448,JP3830000000
6454,JP3864800002
6455,JP3925600003
6457,JP3274400005
6458,JP3372800007
6459,JP3505800007
6460,JP3419050004
6463,JP3542400001
6464,JP3534410000
6465,JP3845770001
6466,JP3558810002
6467,JP3661940001
6469,JP3839600008
6470,JP3449080005
6471,JP3720800006
6472,JP3165600002
6473,JP3292200007
6474,JP3813200007
6479,JP3906000009
6480,JP3739400004
6481,JP3539250005
6482,JP3944500002
6484,JP3277250001
6485,JP3860300007
6486,JP3130400009
6488,JP3957200003
6489,JP3860400005
6490,JP3747800005
6492,JP3191600000
6493,JP3680000001
6494,JP3748200007
6495,JP3907600005
6496,JP3642000008
6497,JP3770400004
6498,JP3240700009
6501,JP3788600009
6503,JP3902400005
6504,JP3820000002
6505,JP3617000009
6506,JP3932000007
6507,JP3375400003
6508,JP3919800007
6513,JP3200400004
6516,JP3340800006
6517,JP3551600004
6518,JP3335300004
6521,JP3193930009
6522,JP3119860009
6523,JP3801300009
6524,JP3302100007
6525,JP3293330001
6526,JP3433500000
6527,JP3990820007
6532,JP3835250006
6533,JP3549040008
6535,JP3105210003
6537,JP3155550001
6538,JP3244440008
6539,JP3167330004
6540,JP3426050005
6543,JP3679810006
6544,JP3389510003
6545,JP3152880005
6546,JP3828350003
6547,JP3274090004
6548,JP3470000005
6549,JP3548790009
6551,JP3534100007
6552,JP3282230006
6554,JP3163970001
6555,JP3167340003
6557,JP3274360001
6558,JP3266210008
6560,JP3167710007
6561,JP3769900006
6562,JP3386640001
6563,JP3910630007
6564,JP3887800005
6565,JP3160610006
6566,JP3215150008
6568,JP3290400005
6570,JP3254830007
6571,JP3244750000
6572,JP3100550007
6573,JP3119610008
6574,JP3305980009
6576,JP3953630005
6577,JP3835590005
6578,JP3165860002
6579,JP3984110001
6580,JP3965450004
6584,JP3325200008
6586,JP3862400003
6588,JP3594000006
6590,JP3355000005
6592,JP3870000001
6594,JP3734800000
6596,JP3532900002
6597,JP3160940007
6599,JP3167220007
6612,JP3778510002
6613,JP3244720003
6614,JP3348850003
6615,JP3944330004
6616,JP3637280003
6617,JP3591600006
6619,JP3505970008
6620,JP3907850006
6622,JP3497800007
6623,JP3104000009
6625,JP3390220006
6626,JP3423350002
6627,JP3546550009
6629,JP3545220000
6630,JP3930050004
6632,JP3386410009
6633,JP3126390008
6634,JP3758170009
6635,JP3493200004
6637,JP3546100003
6638,JP3907150001
6643,JP3623400003
6644,JP3187600006
6645,JP3197800000
6647,JP3923200004
6648,JP3225000003
6651,JP3682400001
6652,JP3138800002
6653,JP3414900005
6654,JP3820500001
6655,JP3616900001
6656,JP3152650002
6658,JP3369500008
6659,JP3921120006
6662,JP3100620008
6663,JP3451100006
6664,JP3197740008
6666,JP3974550000
6668,JP3122010006
6674,JP3385820000
6675,JP3471200000
6676,JP3921080002
6677,JP3162640001
6678,JP3545110003
6694,JP3411820008
6695,JP3637100003
6696,JP3635680006
6699,JP3499480006
6701,JP3733000008
6702,JP3818000006
6703,JP3194000000
6706,JP3550000008
6707,JP3329600005
6718,JP3105050003
6721,JP3154370005
6723,JP3164720009
6724,JP3414750004
6727,JP3993400005
6728,JP3126190002
6730,JP3108080007
6731,JP3801620000
6736,JP3336450006
6737,JP3651080008
6740,JP3389660006
6741,JP3716000009
6742,JP3248800009
6743,JP3490600008
6744,JP3759800000
6745,JP3837400005
6748,JP3418400002
6750,JP3168200008
6752,JP3866800000
6753,JP3359600008
6754,JP3128800004
6757,JP3171000007
6758,JP3435000009
6762,JP3538800008
6763,JP3541600007
6768,JP3471000004
6769,JP3345600005
6770,JP3126400005
6771,JP3132000005
6772,JP3576200004
6775,JP3623100009
6776,JP3547600001
6777,JP3335410001
6778,JP3126140007
6779,JP3737800007
6785,JP3397210000
6786,JP3969550007
6787,JP3915350007
6788,JP3739700007
6794,JP3802800007
6797,JP3650000007
6798,JP3162400000
6800,JP3954200006
6803,JP3539200000
6804,JP3845800006
6806,JP3799000009
6807,JP3705600009
6809,JP3538600002
6810,JP3791800000
6814,JP3828400006
6817,JP3400800003
6819,JP3855600007
6820,JP3101400004
6822,JP3175400005
6823,JP3969700008
6824,JP3376400002
6832,JP3105280006
6834,JP3414870000
6835,JP3124900006
6836,JP3833000007
6837,JP3249230008
6838,JP3470700000
6840,JP3121980001
6841,JP3955000009
6844,JP3377800002
6845,JP3937200008
6846,JP3516200007
6848,JP3557200007
6849,JP3706800004
6850,JP3511000006
6853,JP3255200002
6855,JP3735300000
6856,JP3853000002
6857,JP3122400009
6858,JP3196800001
6859,JP3469800001
6861,JP3236200006
6862,JP3905800003
6863,JP3756400002
6864,JP3164680005
6866,JP3783200003
6867,JP3969350002
6869,JP3351100007
6870,JP3749100008
6871,JP3750400008
6874,JP3253850006
6875,JP3920860008
6877,JP3197650009
6882,JP3332600000
6888,JP3108100003
6890,JP3802720007
6894,JP3782000008
6897,JP3531100000
6898,JP3630700007
6899,JP3119960007
6902,JP3551500006
6904,JP3772500009
6905,JP3283700007
6907,JP3386300002
6908,JP3149800009
6912,JP3236700005
6914,JP3197700002
6915,JP3528450004
6918,JP3122500006
6919,JP3281700009
6920,JP3979200007
6923,JP3399400005
6925,JP3156400008
6926,JP3193600008
6927,JP3802700009
6928,JP3165800008
6929,JP3725200004
6932,JP3169600008
6941,JP3934200001
6942,JP3436000008
6943,JP3691400000
6946,JP3686200001
6947,JP3412000006
6951,JP3735000006
6952,JP3209000003
6954,JP3802400006
6955,JP3820400004
6958,JP3712000003
6960,JP3806000000
6961,JP3169800004
6962,JP3484400001
6963,JP3982800009
6964,JP3330400007
6965,JP3771800004
6966,JP3892400007
6969,JP3864400001
6971,JP3249600002
6976,JP3452000007
6977,JP3730600008
6981,JP3914400001
6982,JP3969400005
6986,JP3824400000
6988,JP3684000007
6989,JP3844600001
6993,JP3926000005
6994,JP3352800001
6995,JP3566600007
6996,JP3661800007
6997,JP3701200002
6998,JP3727000006
6999,JP3283400004
7003,JP3891600003
7004,JP3789000001
7011,JP3900000005
7012,JP3224200000
7013,JP3134800006
7014,JP3651400008
7018,JP3640400002
7021,JP3680400003
7022,JP3322810007
7030,JP3400020008
7031,JP3153190008
7033,JP3869980007
7034,JP3833830007
7035,JP3128620006
7036,JP3130210002
7037,JP3545820007
7038,JP3829550007
7039,JP3831050004
7040,JP3342700006
7041,JP3346110004
7042,JP3108190004
7043,JP3126050008
7044,JP3801650007
7046,JP3545250007
7047,JP3855850008
7048,JP3835830005
7049,JP3348200001
7050,JP3829520000
7057,JP3165050000
7058,JP3247500006
7059,JP3302000009
7060,JP3263700001
7061,JP3750000006
7062,JP3828950000
7063,JP3160590000
7064,JP3765460005
7065,JP3944660004
7066,JP3801660006
7067,JP3830750000
7068,JP3803040009
7069,JP3311580009
7071,JP3128660002
7072,JP3152890004
7073,JP3386680007
7074,JP3560570008
7075,JP3244580001
7076,JP3920250002
7077,JP3126030000
7078,JP3152620005
7079,JP3506010002
7080,JP3400030007
7081,JP3283850000
7082,JP3387960002
7083,JP3160170001
7084,JP3240500003
7085,JP3205100005
7087,JP3154220002
7089,JP3803070006
7090,JP3970350009
7091,JP3974790002
7093,JP3121500007
7094,JP3758240000
7095,JP3862970005
7096,JP3399640006
7097,JP3317700007
7098,JP3160480004
7102,JP3713600009
7110,JP3268790007
7111,JP3104810001
7112,JP3244930008
7114,JP3802110001
7115,JP3126420003
7118,JP3385700004
7119,JP3773350008
7120,JP3372500003
7122,JP3258800006
7126,JP3472150006
7127,JP3142360001
7128,JP3828100002
7129,JP3880350008
7130,JP3934350004
7131,JP3762450009
7132,JP3829300007
7133,JP3794570006
7134,JP3270880002
7135,JP3810600001
7137,JP3274010002
7138,JP3636100004
7139,JP3575200005
7140,JP3836350003
7148,JP3166990006
7150,JP3357800006
7157,JP3966660007
7161,JP3387970001
7162,JP3120080001
7164,JP3429250008
7167,JP3117700009
7170,JP3513850002
7172,JP3389470000
7173,JP3584400000
7175,JP3149120002
7176,JP3383250002
7177,JP3386550002
7180,JP3246500007
7181,JP3233250004
7182,JP3946750001
7183,JP3127650004
7184,JP3632150003
7185,JP3798800003
7186,JP3305990008
7187,JP3386590008
7189,JP3658850007
7191,JP3153160001
7192,JP3752500003
7196,JP3204500007
7198,JP3126290000
7199,JP3833710001
7201,JP3672400003
7202,JP3137200006
7203,JP3633400001
7208,JP3217950009
7211,JP3899800001
7212,JP3166950000
7213,JP3979550005
7214,JP3385860006
7215,JP3802660005
7217,JP3544980000
7218,JP3468790005
7219,JP3164450003
7220,JP3912700006
7222,JP3672000001
7224,JP3384600007
7226,JP3256900006
7227,JP3119650004
7228,JP3548650005
7231,JP3630200008
7235,JP3590200006
7236,JP3620200000
7238,JP3108400007
7239,JP3465400004
7240,JP3164800009
7241,JP3824000008
7242,JP3220200004
7244,JP3141600001
7245,JP3491800003
7246,JP3833600004
7247,JP3882800000
7254,JP3821400003
7255,JP3317200008
7256,JP3208600001
7259,JP3102000001
7261,JP3868400007
7264,JP3914700004
7265,JP3160690008
7266,JP3149100004
7267,JP3854600008
7269,JP3397200001
7270,JP3814800003
7271,JP3932850005
7272,JP3942800008
7273,JP3131500005
7276,JP3284600008
7277,JP3588200000
7278,JP3161160001
7279,JP3699600007
7280,JP3895200008
7282,JP3634200004
7283,JP3101600009
7284,JP3920800004
7287,JP3720600000
7291,JP3749200006
7292,JP3914200005
7294,JP3961400003
7296,JP3166900005
7297,JP3205300001
7299,JP3807750009
7305,JP3125600001
7309,JP3358000002
7313,JP3539230007
7314,JP3196610004
7317,JP3869400006
7318,JP3423750003
7320,JP3755100009
7322,JP3333500001
7325,JP3105230001
7326,JP3163420007
7327,JP3483850008
7337,JP3796150005
7343,JP3831510007
7345,JP3104820000
7347,JP3860160005
7350,JP3194750000
7351,JP3273790000
7352,JP3830720003
7353,JP3257300008
7354,JP3500170000
7355,JP3142370000
7356,JP3980350007
7357,JP3386730000
7358,JP3856500008
7359,JP3583950005
7360,JP3203000009
7361,JP3794470009
7362,JP3538730007
7363,JP3835690003
7364,JP3974950002
7366,JP3974470001
7367,JP3423590003
7368,JP3795060007
7369,JP3920280009
7370,JP3168750002
7371,JP3428970002
7372,JP3548830003
7373,JP3105340008
7374,JP3306470000
7375,JP3974820007
7376,JP3799790005
7377,JP3548840002
7378,JP3118600000
7380,JP3392650002
7381,JP3851600001
7383,JP3758270007
7384,JP3833850005
7388,JP3167010002
7389,JP3104790005
7399,JP3653300008
7409,JP3161020007
7412,JP3121900009
7413,JP3431600000
7414,JP3196700003
7416,JP3773600006
7417,JP3653700009
7419,JP3761600000
7421,JP3212400000
7422,JP3603200001
7425,JP3769600002
7426,JP3938200007
7427,JP3161170000
7433,JP3766400000
7434,JP3172300000
7435,JP3651030003
7438,JP3306050000
7441,JP3885410005
7442,JP3646600001
7443,JP3955300003
7444,JP3772800003
7446,JP3603600002
7447,JP3647000003
7453,JP3976300008
7456,JP3868500004
7458,JP3475200006
7459,JP3268950007
7460,JP3930600006
7461,JP3241900004
7462,JP3499450009
7463,JP3121950004
7464,JP3422900005
7466,JP3163800000
7472,JP3629700000
7475,JP3126300007
7476,JP3131300000
7477,JP3914300003
7480,JP3398400006
7481,JP3174150007
7482,JP3359500000
7483,JP3638000004
7485,JP3193400003
7486,JP3343800003
7487,JP3196650000
7488,JP3930500008
7490,JP3675400000
7494,JP3300000001
7500,JP3657530006
7501,JP3544990009
7502,JP3832600005
7504,JP3288900008
7505,JP3823400001
7506,JP3765300003
7508,JP3172450003
7509,JP3100630007
7510,JP3463100002
7512,JP3860270002
7513,JP3297380002
7514,JP3793500004
7515,JP3879020000
7516,JP3283750002
7520,JP3161180009
7521,JP3912600008
7522,JP3993900004
7523,JP3100500002
7524,JP3875000006
7525,JP3974500005
7527,JP3351000009
7531,JP3418250001
7532,JP3639650005
7537,JP3877500003
7538,JP3485200004
7539,JP3122570009
7544,JP3410700003
7545,JP3659300002
7550,JP3429300001
75505,JP3429300100
7551,JP3154900009
7552,JP3770300006
7554,JP3292400003
7555,JP3187650001
7561,JP3765100007
7562,JP3128700006
7564,JP3990100004
7565,JP3879320004
7567,JP3314300009
7570,JP3768000006
7571,JP3218000002
7575,JP3754500001
7578,JP3664900002
7581,JP3310500008
7585,JP3233100001
7590,JP3456500002
7593,JP3854700006
7595,JP3126110000
7596,JP3155800000
7599,JP3235700006
7600,JP3689100000
7601,JP3856600006
7602,JP3388550000
7603,JP3865000008
7604,JP3159850001
7606,JP3949400000
7607,JP3384710004
7608,JP3162670008
7609,JP3487600003
7610,JP3544600004
7611,JP3765180009
7613,JP3346700002
7614,JP3177000001
7615,JP3250600008
7616,JP3305970000
7619,JP3468820000
7621,JP3155900008
7624,JP3641350008
7625,JP3274350002
7628,JP3173100003
7630,JP3142150006
7634,JP3845750003
7636,JP3777500004
7637,JP3766500007
7638,JP3347150009
7640,JP3629250006
7643,JP3473410003
7646,JP3895000002
7649,JP3397060009
7670,JP3170180008
7673,JP3482700006
7674,JP3651040002
7675,JP3425850009
7677,JP3931650000
7678,JP3109700009
7679,JP3931410009
7680,JP3278400001
7681,JP3979320003
7682,JP3771900002
7683,JP3505990006
7685,JP3778270003
7686,JP3206700001
7687,JP3883650008
7689,JP3301380006
7690,JP3220900009
7691,JP3347050001
7692,JP3100080005
7693,JP3848000000
7694,JP3142380009
7695,JP3286350008
7698,JP3102330002
7699,JP5702090001
7701,JP3357200009
7702,JP3386050003
7707,JP3833400009
7709,JP3266600000
7711,JP3397100003
7713,JP3349000004
7715,JP3648350001
7716,JP3642500007
7717,JP3829900004
7719,JP3575800002
7721,JP3624000000
7722,JP3293700005
7723,JP3104400001
7725,JP3152720003
7726,JP3272800008
7727,JP3173200001
7729,JP3580200008
7730,JP3869920003
7731,JP3657400002
7733,JP3201200007
7734,JP3971000009
7735,JP3494600004
7740,JP3471800007
7741,JP3837800006
7743,JP3347000006
7744,JP3759500006
7745,JP3160130005
7746,JP3193000001
7747,JP3110650003
7749,JP3921060004
7751,JP3242800005
7752,JP3973400009
7760,JP3100760002
7762,JP3352400000
7769,JP3974200002
7771,JP3723600007
7774,JP3389610001
7775,JP3482500000
7776,JP3423530009
7777,JP3410730000
7779,JP3311530004
7780,JP3921270009
7781,JP3796100000
7782,JP3376500009
7790,JP3778310007
7791,JP3639560006
7792,JP3305920005
7793,JP3149350005
7794,JP3130720000
7795,JP3253610004
7800,JP3124470000
7803,JP3829930001
7804,JP3799630003
7805,JP3833250008
7806,JP3167430002
7807,JP3292900002
7808,JP3346520004
7809,JP3299810006
7810,JP3272650007
7811,JP3646100002
7812,JP3271150009
7813,JP3832900009
7814,JP3726500006
7815,JP3588800007
7818,JP3635670007
7819,JP3360150001
7820,JP3756230003
7821,JP3861250003
7822,JP3160840009
7823,JP3100210008
7826,JP3828850002
7827,JP3173300009
7831,JP3154170009
7832,JP3778630008
7833,JP3105070001
7836,JP3122530003
7837,JP3100450000
7839,JP3360900009
7840,JP3826500005
7841,JP3169700006
7844,JP3860230006
7846,JP3780610006
7847,JP3273850002
7849,JP3399210008
7850,JP3432000002
7851,JP3225850001
7856,JP3765500008
7857,JP3419200005
7859,JP3126520000
7860,JP3160950006
7863,JP3795100001
7864,JP3813800004
7865,JP3801560008
7867,JP3630550006
7868,JP3287700003
7870,JP3805050006
7871,JP3806720003
7872,JP3163000007
7874,JP3410800001
7875,JP3462700000
7877,JP3160760009
7878,JP3287600005
7879,JP3761700008
7883,JP3337150001
7885,JP3457750002
7886,JP3939800003
7887,JP3653200000
7888,JP3330900006
7893,JP3119000002
7894,JP3876500004
7896,JP3423200009
7897,JP3843000005
7898,JP3390600009
7901,JP3868900006
7902,JP3435900000
7906,JP3960000002
7908,JP3242600009
7911,JP3629000005
7912,JP3493800001
7914,JP3252800002
7915,JP3713200008
7916,JP3904800004
7917,JP3821000001
7918,JP3107200002
7919,JP3760600001
7921,JP3459000000
7922,JP3331000004
7925,JP3860250004
7927,JP3913400002
7928,JP3111000000
7931,JP3910600000
7932,JP3685200002
7936,JP3118000003
7937,JP3533500009
7938,JP3969200009
7939,JP3282000003
7940,JP3687800007
7942,JP3386000008
7943,JP3662200009
7944,JP3983400007
7946,JP3292000001
7947,JP3167000003
7949,JP3303200004
7950,JP3732900000
7951,JP3942600002
7952,JP3221400009
7953,JP3236600007
7955,JP3270200003
7956,JP3801600002
7957,JP3813400003
7962,JP3262000007
7963,JP3286600006
7965,JP3437400009
7966,JP3977200009
7970,JP3371600002
7971,JP3620600001
7972,JP3142700008
7974,JP3756600007
7975,JP3974600003
7976,JP3895600009
7979,JP3363600002
7980,JP3349200000
7981,JP3460000007
7983,JP3910800006
7984,JP3297000006
7985,JP3758400000
7986,JP3261600005
7987,JP3644400008
7988,JP3756200006
7989,JP3466200007
7990,JP3503800009
7991,JP3870300005
7992,JP3413400007
7994,JP3192400004
7995,JP3744200001
7997,JP3272000005
7999,JP3914000009
8001,JP3143600009
8002,JP3877600001
8005,JP3913600007
8006,JP3946000001
8007,JP3455600001
8008,JP3119950008
8011,JP3339400008
8012,JP3647800006
8013,JP3640800003
8014,JP3528200003
8015,JP3635000007
8016,JP3203500008
8018,JP3328000009
8020,JP3217100001
8022,JP3905200006
8023,JP3483000000
8025,JP3531400004
8029,JP3981000007
8030,JP3514600000
8031,JP3893600001
8032,JP3694000005
8035,JP3571400005
8037,JP3219400003
8039,JP3532600008
8040,JP3582200006
8041,JP3180000006
8043,JP3399100001
8045,JP3956600005
8046,JP3877200000
8050,JP3414700009
8051,JP3936800006
8052,JP3534600006
8053,JP3404600003
8056,JP3754200008
8057,JP3157200001
8058,JP3898400001
8059,JP3475800003
8060,JP3243600008
8061,JP3414200000
8065,JP3322000005
8066,JP3886800006
8070,JP3576600005
8071,JP3565800004
8074,JP3945200008
8075,JP3374000002
8076,JP3218200008
8077,JP3301000000
8078,JP3777800008
8079,JP3361200003
8081,JP3215000005
8084,JP3976200000
8085,JP3651800009
8086,JP3673600007
8088,JP3151600008
8089,JP3641300003
8091,JP3664400003
8093,JP3257000004
8095,JP3150000002
8097,JP3323600001
8098,JP3146000009
8101,JP3276000001
8103,JP3920600008
8104,JP3273200000
8105,JP3875200002
8107,JP3242400004
8111,JP3306600002
8113,JP3951600000
8115,JP3912400003
8117,JP3515400004
8118,JP3261200004
8119,JP3324800006
8123,JP3227000001
8125,JP3992000004
8127,JP3939600007
8129,JP3602600003
8130,JP3330000005
8131,JP3894400005
8132,JP3354000006
8133,JP3144000001
8135,JP3427000009
8136,JP3343200006
8137,JP3345400000
8138,JP3327200006
8139,JP3648600009
8141,JP3374200008
8142,JP3553200001
8143,JP3968200000
8144,JP3550400000
8145,JP3525800003
8147,JP3630600009
8150,JP3333200008
8151,JP3616600007
8152,JP3436200004
8153,JP3922400001
8154,JP3206200002
8157,JP3533800003
8158,JP3431400005
8159,JP3466600008
8160,JP3237000009
8163,JP3322350004
8165,JP3424600009
8166,JP3453600003
8167,JP3873200004
8173,JP3393000009
8174,JP3695600001
8179,JP3983600002
8181,JP3595800008
8185,JP3528400009
8190,JP3941200002
8194,JP3966600003
8198,JP3930400001
8200,JP3977000003
8202,JP3967000005
8203,JP3885200000
8207,JP3547200000
8214,JP3105400000
8217,JP3172150009
8218,JP3305600003
8219,JP3106200003
8225,JP3457700007
8226,JP3970400002
8227,JP3358200008
8228,JP3871400002
8230,JP3768400008
8233,JP3456000003
8237,JP3869200000
8242,JP3774600005
8244,JP3250800004
8247,JP3500200005
8252,JP3870400003
8253,JP3271400008
8254,JP3310400001
8255,JP3772400002
8260,JP3142400005
8267,JP3388200002
8273,JP3138400001
8275,JP3802750004
8276,JP3834400008
8278,JP3807400001
8281,JP3428800001
8282,JP3277150003
8283,JP3782200004
8285,JP3886600000
8289,JP3201400003
8291,JP3587800008
8301,JP3699200006
8303,JP3729000004
8304,JP3711200000
8306,JP3902900004
8308,JP3500610005
8309,JP3892100003
8316,JP3890350006
8331,JP3511800009
8334,JP3276400003
8336,JP3912800004
8337,JP3512200001
8338,JP3231000005
8341,JP3352000008
8343,JP3107600003
8344,JP3934800008
8345,JP3152400002
8346,JP3601000007
8349,JP3604200000
8354,JP3805010000
8358,JP3411000007
8359,JP3769000005
8360,JP3942000005
8361,JP3176000002
8362,JP3803600000
8364,JP3358400004
8365,JP3632000000
8366,JP3347600003
8367,JP3653400006
8368,JP3793800008
8370,JP3248000006
8377,JP3842400008
8381,JP3324000003
8383,JP3628600003
8386,JP3794200000
8387,JP3350000000
8388,JP3126800006
8392,JP3175200009
8393,JP3908000007
8395,JP3315200000
8398,JP3507800005
8399,JP3975000005
8410,JP3105220002
8411,JP3885780001
8416,JP3288960002
8418,JP3935300008
8421,JP3429200003
8424,JP3826270005
8425,JP3286500008
8439,JP3424950008
8473,JP3436120004
8508,JP3142350002
8511,JP3714400003
8518,JP3686150008
8522,JP3648800005
8524,JP3843400007
8537,JP3441600008
8541,JP3166400006
8542,JP3630500001
8544,JP3281600001
8550,JP3627800000
8551,JP3238200004
8554,JP3905900001
8558,JP3622400004
8559,JP3840500007
8560,JP3908200003
8562,JP3805100009
8563,JP3486700002
8566,JP3974100004
8570,JP3131400008
8572,JP3108600002
8584,JP3388600003
8585,JP3199000005
8591,JP3200450009
8593,JP3499800005
8594,JP3645600002
8595,JP3389900006
8596,JP3247000007
8600,JP3631700006
8601,JP3502200003
8604,JP3762600009
8609,JP3190800007
8613,JP3874800000
8614,JP3611800008
8616,JP3577600004
8617,JP3288800000
8622,JP3905400002
8624,JP3142300007
8628,JP3863800003
8630,JP3165000005
8697,JP3183200009
8698,JP3869970008
8699,JP3160790006
8700,JP3876750005
8704,JP3637250006
8705,JP3191550007
8706,JP3256970009
8707,JP3149950002
8708,JP3101850000
8713,JP3802940001
8714,JP3132600002
8715,JP3122440005
8725,JP3890310000
8729,JP3435350008
8737,JP3292300005
8739,JP3399900004
8742,JP3301300004
8746,JP3475600007
8747,JP3949000008
8750,JP3476480003
8766,JP3910660004
8769,JP3122410008
8771,JP3130300001
8772,JP3109900005
8783,JP3273830004
8789,JP3802830004
8793,JP3164740007
8795,JP3539220008
8798,JP3122100005
8801,JP3893200000
8802,JP3899600005
8803,JP3834800009
8804,JP3582600007
8818,JP3279000008
8830,JP3409000001
8835,JP3448800007
8836,JP3794400006
8841,JP3538400007
8844,JP3970200006
8848,JP3167500002
8850,JP3399200009
8860,JP3815000009
8864,JP3266050008
8869,JP3920850009
8871,JP3306800008
8876,JP3755200007
8877,JP3688350002
8881,JP3677900007
8887,JP3974800009
8891,JP3167440001
8892,JP3688330004
8894,JP3772300004
8897,JP3460800000
8898,JP3424880007
8904,JP3337500007
8908,JP3860280001
8912,JP3167610009
8914,JP3167620008
8917,JP3802230007
8918,JP3968800007
8919,JP3932950003
8920,JP3594400008
8921,JP3346960002
8923,JP3595070008
8927,JP3920300005
8928,JP3122430006
8929,JP3825750007
8931,JP3993920002
8934,JP3336950005
8935,JP3166930002
8938,JP3984150007
8944,JP3968850002
8945,JP3713400004
8946,JP3953650003
8951,JP3027670003
8952,JP3027680002
8953,JP3039710003
8954,JP3040880001
8955,JP3040890000
8956,JP3041770003
8957,JP3044510000
8958,JP3044520009
8960,JP3045540006
8961,JP3046170001
8963,JP3046190009
8964,JP3046200006
8966,JP3046220004
8967,JP3046230003
8968,JP3046240002
8972,JP3046270009
8975,JP3046300004
8976,JP3046310003
8977,JP3046320002
8979,JP3046340000
8984,JP3046390005
8985,JP3046400002
8986,JP3046410001
8987,JP3046420000
8995,JP3863070003
8996,JP3765450006
8999,JP3274030000
90001215,JP329736PNF7
90001237,JP397880PPD0
90001339,JP3549351SH4
90001361,JP386390PNM9
90001366,JP316089PQJ1
90001406,JP396727PPH5
90001607,JP311735PPP3
90001629,JP3191401RQ1
90001646,JP353441PPP7
90001649,JP3680001RQ7
90001797,JP3895601SH2
90001893,JP333695PPN8
90001926,JP3856101RG4
90001955,JP3860351SL7
90001978,JP3773201RJ6
90002137,JP384325PQG2
90002303,JP3967051RQ6
90002614,JP3434201RL3
90002693,JP3169601RP6
90002723,JP3465401RF3
90003518,JP3269801RK2
9001,JP3597800006
9003,JP3316400005
9005,JP3574200006
9006,JP3280200001
9007,JP3196000008
9008,JP3277800003
9009,JP3278600006
9010,JP3810400006
90101805,JP3936801SF3
90101816,JP332235PQJ0
9012,JP3509800003
9017,JP3654400005
9020,JP3783600004
9021,JP3659000008
9022,JP3566800003
9023,JP3583900000
9024,JP3417200007
9025,JP3288970001
9027,JP3984170005
9028,JP3428870004
9029,JP3783480001
9031,JP3658800002
9033,JP3798600007
9034,JP3653350003
9035,JP3475300004
9036,JP3598000002
9037,JP3771150004
9039,JP3314200001
9040,JP3449060007
9041,JP3260800002
9042,JP3774200004
9044,JP3653000004
9045,JP3279400000
9046,JP3290600000
9048,JP3649800004
9049,JP3281000004
9051,JP3424100000
9052,JP3341600009
9057,JP3168600009
9059,JP3229980002
9060,JP3756050005
9063,JP3193800004
9064,JP3940000007
9065,JP3326000001
9067,JP3871600007
9068,JP3876000005
9069,JP3423800006
9072,JP3709600005
9073,JP3248400008
9074,JP3724600006
9075,JP3806800003
9076,JP3415400005
9081,JP3214600003
9082,JP3503000006
9083,JP3372000004
9085,JP3849800002
9087,JP3456600000
9090,JP3879170003
9101,JP3753000003
9104,JP3362700001
9107,JP3223800008
9110,JP3385000009
9115,JP3916200003
9119,JP3131200002
9127,JP3470600002
9130,JP3247600004
9142,JP3247010006
9143,JP3162770006
9145,JP3799660000
9146,JP3307950000
9147,JP3688370000
9149,JP3188290005
9156,JP3770040008
9158,JP3347080008
9159,JP3506020001
9160,JP3762110009
9162,JP3830770008
9163,JP3652120001
9165,JP3266010002
9166,JP3386890002
9168,JP3965420007
9169,JP3484450006
9170,JP3417600008
9171,JP3270400009
9173,JP3562000004
9193,JP3573800004
9201,JP3705200008
9202,JP3429800000
92025,JP3429800109
9204,JP3396000006
9206,JP3399320005
9211,JP3166890008
9212,JP3274120009
9213,JP3415700008
9214,JP3969900004
9215,JP3208800007
9216,JP3799670009
9218,JP3921340000
9219,JP3264600002
9220,JP3166980007
9221,JP3828600001
9222,JP3869890008
9223,JP3119850000
9225,JP3831060003
9226,JP3100900004
9227,JP3860340003
9229,JP3324410004
9233,JP3118800006
9235,JP3159880008
9236,JP3389530001
9237,JP3167360001
9238,JP3778520001
9239,JP3277030007
9240,JP3549360000
9241,JP3826240008
9242,JP3921330001
9243,JP3818780003
9244,JP3548950009
9245,JP3974830006
9246,JP3833840006
9247,JP3538540000
9248,JP3792010005
9249,JP3688360001
9250,JP3386790004
9251,JP3160630004
9252,JP3967550009
9253,JP3411600004
9254,JP3968070007
9256,JP3316900004
9257,JP5702100008
9258,JP3346530003
9259,JP3458600008
9262,JP3369800002
9264,JP3856100007
9265,JP3936200009
9267,JP3282750003
9268,JP3197720000
9270,JP3431540008
9271,JP3993500002
9272,JP3829980006
9273,JP3283420002
9274,JP3293350009
9278,JP3829940000
9279,JP3264860002
9282,JP3048360006
9284,JP3048590008
9285,JP3048780005
9286,JP3048820009
9287,JP3049000007
9301,JP3902000003
9302,JP3891200002
9303,JP3407000003
9304,JP3355600002
9305,JP3937600009
9306,JP3615400003
9307,JP3397000005
9308,JP3146800002
9310,JP3739600009
9311,JP3109600001
9312,JP3279800001
9313,JP3876800008
9319,JP3516600008
9322,JP3226800005
9324,JP3932820008
9325,JP3802360002
9326,JP3230300000
9327,JP3130850005
9330,JP3108300009
9331,JP3242650004
9332,JP3679880009
9334,JP3104760008
9335,JP3545280004
9336,JP3480470008
9337,JP3636800009
9338,JP3153830009
9339,JP3283720005
9340,JP3120120005
9341,JP3386840007
9342,JP3400140004
9343,JP3105360006
9344,JP3108230008
9345,JP3800440004
9346,JP3297310009
9347,JP3695010003
9348,JP3102360009
9351,JP3619000007
9353,JP3318000001
9355,JP3977100001
9357,JP3915400000
9359,JP3140400007
9360,JP3398800007
9361,JP3807200005
9362,JP3794600001
9363,JP3479800009
9364,JP3219000001
9365,JP3637200001
9366,JP3343400002
9367,JP3486900008
9368,JP3242500001
9369,JP3244700005
9376,JP3944650005
9380,JP3121190007
9381,JP3160050005
9385,JP3360100006
9388,JP3781530005
9399,KYG9827X1025
9401,JP3588600001
9402,JP3527000008
9404,JP3732200005
9405,JP3116800008
9407,JP3100400005
9408,JP3656400003
9409,JP3429000007
9412,JP3396350005
9413,JP3547060008
9414,JP3746000003
9416,JP3800330007
9417,JP3400090001
9418,JP3944640006
9419,JP3990740007
9421,JP3758300002
9423,JP3826700001
9424,JP3729600001
9425,JP3732400001
9428,JP3273100002
9432,JP3735400008
9433,JP3496400007
9434,JP3732000009
94345,JP3732000108
94346,JP3732000116
9435,JP3783420007
9436,JP3194650002
9438,JP3167480007
9439,JP3799620004
9441,JP3835850003
9444,JP3552420006
9445,JP3802760003
9446,JP3162630002
9449,JP3152750000
9450,JP3802380000
9466,JP3105110005
9467,JP3126410004
9468,JP3214350005
9470,JP3234200008
9471,JP3831800002
9474,JP3430400006
9475,JP3363800008
9476,JP3514800006
9478,JP3361000007
9501,JP3585800000
9502,JP3526600006
9503,JP3228600007
9504,JP3522200009
9505,JP3845400005
9506,JP3605400005
9507,JP3350800003
9508,JP3246400000
9509,JP3850200001
9511,JP3194700005
9513,JP3551200003
9514,JP3802140008
9517,JP3130830007
9519,JP3981200003
9531,JP3573000001
9532,JP3180400008
9533,JP3600200004
9534,JP3847000001
9535,JP3796200008
9536,JP3311600005
9537,JP3843800008
9539,JP3281400006
9543,JP3351150002
9551,JP3921260000
9552,JP3167370000
9553,JP3860350002
9554,JP3160990002
9556,JP3153180009
9557,JP3160640003
9558,JP3389420005
9560,JP3833860004
9561,JP3273840003
9562,JP3800230009
9563,JP3121870004
9564,JP3166910004
9565,JP3155440005
9601,JP3362800009
9602,JP3598600009
9603,JP3160740001
9605,JP3560000006
9610,JP3154200004
9612,JP3968000004
9616,JP3253900009
9619,JP3142100001
9621,JP3281900005
9622,JP3400050005
9625,JP3423600000
9627,JP3105250009
9628,JP3286300003
9629,JP3801500004
9632,JP3399800006
9633,JP3584200004
9635,JP3913200006
9636,JP3258400005
9639,JP3328200005
9640,JP3422150007
9643,JP3642800001
9644,JP3468850007
9647,JP3254900008
9651,JP3749300004
9656,JP3889000000
9658,JP3800300000
9661,JP3218600009
9663,JP3648700007
9664,JP3886000003
9672,JP3586600003
9678,JP3215200001
9679,JP3840300002
9682,JP3548500002
9684,JP3164630000
9685,JP3253000008
9686,JP3616800003
9687,JP3294000009
9691,JP3976400006
9692,JP3346200003
9697,JP3218900003
9698,JP3271000006
9699,JP3657500009
9701,JP3572200008
9702,JP3100700008
9704,JP3561200001
9706,JP3699400002
9708,JP3542800002
9709,JP3709000008
9713,JP3984000004
9715,JP3635700002
9716,JP3762400004
9720,JP3852200009
9722,JP3816800001
9723,JP3252400001
9726,JP3260400001
9729,JP3552250007
9731,JP3766600005
9733,JP3647600000
9735,JP3421800008
9739,JP3712500002
9740,JP3425400003
9742,JP3105000008
9743,JP3472200009
9744,JP3919200000
9746,JP3539400006
9753,JP3100720006
9755,JP3174600001
9757,JP3825800000
9759,JP3712600000
9760,JP3371900006
9761,JP3566200006
9763,JP3878000003
9765,JP3189600004
9766,JP3300200007
9767,JP3668800000
9768,JP3380200000
9769,JP3235400003
9778,JP3399750003
9780,JP3773200005
9782,JP3548550007
9788,JP3651020004
9790,JP3803800006
9791,JP3800000006
9793,JP3485600005
9795,JP3399700008
9799,JP3113400000
9812,JP3538300009
9816,JP3778220008
9818,JP3499200008
9820,JP3297300000
9823,JP3870200007
9824,JP3424400004
9827,JP3976800007
9828,JP3282800006
9830,JP3635500006
9831,JP3939000000
9832,JP3172500005
9835,JP3392800003
9837,JP3926200001
9842,JP3100100001
9843,JP3756100008
9845,JP3780000000
9846,JP3547850002
9849,JP3226400004
9850,JP3274200009
9853,JP3265200000
9854,JP3101000002
9856,JP3277300004
9857,JP3161100007
9861,JP3958000006
9867,JP3301200006
9869,JP3213300001
9872,JP3237400001
9876,JP3299200000
9878,JP3420900007
9880,JP3147800001
9882,JP3131350005
9885,JP3359800004
9887,JP3869800007
9888,JP3154850006
9889,JP3746800006
9890,JP3862900002
9895,JP3306000005
9896,JP3389570007
9900,JP3316200009
9902,JP3661950000
9903,JP3229950005
9904,JP3392700005
9906,JP3807650001
9908,JP3734400009
9913,JP3686100003
9914,JP3155300001
9927,JP3994000002
9928,JP3910700008
9929,JP3834300000
9930,JP3237600006
9932,JP3397050000
9934,JP3146200005
9936,JP3174300008
9941,JP3451800001
9942,JP3392900001
9946,JP3905950006
9948,JP3968600001
9950,JP3769200001
9955,JP3962200006
9956,JP3778400006
9959,JP3117400006
9960,JP3595300009
9962,JP3885400006
9969,JP3369300003
9972,JP3126150006
9973,JP3298800008
9974,JP3835700000
9976,JP3420850004
9978,JP3831750009
9979,JP3484000009
9980,JP3873800001
9982,JP3462100003
9983,JP3802300008
9984,JP3436100006
9986,JP3345700003
9987,JP3398000004
9989,JP3336600006
9990,JP3584700003
9991,JP3225500002
9993,JP3935800007
9994,JP3943800007
9996,JP3321500005
9997,JP3835650007
